v4_4,Measure Type,Unit Multiplier,Data Marking,CV,calendar-years,admin-geography,ashe-statistics,ashe-sex,ashe-working-pattern,ashe-hours-and-earnings,ashe-workplace-or-residence
37.0,Count,1,,0.8,2016,E06000004,median,all,all,paid-hours-worked-basic,workplace
36.1,Count,1,,0.1,2016,K02000001,30,male,all,paid-hours-worked-basic,workplace
39.9,Count,1,,0.1,2016,E92000001,70,male,all,paid-hours-worked-basic,workplace
40.0,Count,1,,5.5,2016,E06000005,80,male,all,paid-hours-worked-basic,workplace
36.9,Count,1,,1.2,2016,E06000001,20,male,full-time,paid-hours-worked-basic,workplace
,Count,1,x,x,2016,E06000001,90,male,all,paid-hours-worked-basic,workplace
9.2,Count,1,,1.8,2016,E92000001,25,male,part-time,paid-hours-worked-basic,workplace
37.0,Count,1,,2.4,2016,E06000002,60,female,all,paid-hours-worked-basic,workplace
,Count,1,x,x,2016,E06000005,40,male,part-time,paid-hours-worked-basic,workplace
13.0,Count,1,,0.7,2016,E92000001,30,all,part-time,paid-hours-worked-basic,workplace
40.0,Count,1,,0.0,2016,K04000001,90,female,full-time,paid-hours-worked-basic,workplace
11.0,Count,1,,11.0,2016,E06000004,20,all,part-time,paid-hours-worked-basic,workplace
13.9,Count,1,,0.6,2016,E92000001,30,female,part-time,paid-hours-worked-basic,workplace
40.0,Count,1,,0.0,2016,K02000001,70,male,full-time,paid-hours-worked-basic,workplace
19.4,Count,1,,2.0,2016,E12000001,median,female,part-time,paid-hours-worked-basic,workplace
37.0,Count,1,,0.0,2016,K03000001,25,male,full-time,paid-hours-worked-basic,workplace
,Count,1,x,x,2016,E06000001,80,female,part-time,paid-hours-worked-basic,workplace
38.9,Count,1,,0.1,2016,K04000001,mean,male,full-time,paid-hours-worked-basic,workplace
13.6,Count,1,,13.0,2016,E06000002,20,female,part-time,paid-hours-worked-basic,workplace
37.0,Count,1,,0.0,2016,E12000001,25,male,full-time,paid-hours-worked-basic,workplace
,Count,1,x,x,2016,E06000001,10,all,all,paid-hours-worked-overtime,workplace
,Count,1,x,x,2016,E06000001,10,all,part-time,paid-hours-worked-basic,workplace
40.0,Count,1,,0.1,2016,E12000001,75,male,full-time,paid-hours-worked-basic,workplace
,Count,1,x,x,2016,E06000003,75,all,all,paid-hours-worked-overtime,workplace
39.1,Count,1,,1.4,2016,E06000001,mean,male,full-time,paid-hours-worked-basic,workplace
,Count,1,x,22.0,2016,E06000004,40,all,all,paid-hours-worked-overtime,workplace
35.0,Count,1,,0.0,2016,K04000001,20,female,full-time,paid-hours-worked-basic,workplace
1.8,Count,1,,1.6,2016,K04000001,25,male,all,paid-hours-worked-overtime,workplace
37.5,Count,1,,2.4,2016,E06000003,60,female,full-time,paid-hours-worked-basic,workplace
5.5,Count,1,,1.6,2016,K04000001,60,male,all,paid-hours-worked-overtime,workplace
22.5,Count,1,,0.5,2016,K03000001,70,female,part-time,paid-hours-worked-basic,workplace
23.1,Count,1,,0.6,2016,K03000001,20,all,all,paid-hours-worked-basic,workplace
1.5,Count,1,,5.1,2016,E12000001,mean,male,all,paid-hours-worked-overtime,workplace
,Count,1,x,x,2016,E06000005,80,female,part-time,paid-hours-worked-basic,workplace
37.0,Count,1,,0.8,2016,E06000002,median,all,all,paid-hours-worked-basic,workplace
1.0,Count,1,,2.0,2016,K02000001,20,female,all,paid-hours-worked-overtime,workplace
1.3,Count,1,,2.4,2016,E92000001,20,all,all,paid-hours-worked-overtime,workplace
30.0,Count,1,,9.4,2016,E06000003,30,all,all,paid-hours-worked-basic,workplace
32.7,Count,1,,0.4,2016,K04000001,median,female,all,paid-hours-worked-basic,workplace
35.6,Count,1,,0.6,2016,K04000001,60,female,all,paid-hours-worked-basic,workplace
29.0,Count,1,,0.1,2016,E92000001,mean,female,all,paid-hours-worked-basic,workplace
29.4,Count,1,,2.3,2016,E06000002,mean,female,all,paid-hours-worked-basic,workplace
29.8,Count,1,,12.0,2016,E06000003,40,female,all,paid-hours-worked-basic,workplace
39.0,Count,1,,1.6,2016,E06000003,70,all,all,paid-hours-worked-basic,workplace
37.5,Count,1,,0.0,2016,K04000001,median,all,full-time,paid-hours-worked-basic,workplace
38.0,Count,1,,0.1,2016,K03000001,60,male,all,paid-hours-worked-basic,workplace
37.5,Count,1,,0.0,2016,E06000002,median,all,full-time,paid-hours-worked-basic,workplace
40.0,Count,1,,0.0,2016,K03000001,80,male,all,paid-hours-worked-basic,workplace
11.5,Count,1,,16.0,2016,E06000002,25,all,part-time,paid-hours-worked-basic,workplace
38.0,Count,1,,0.8,2016,E12000001,60,male,all,paid-hours-worked-basic,workplace
37.5,Count,1,,1.0,2016,E06000004,70,all,all,paid-hours-worked-basic,workplace
9.0,Count,1,,2.1,2016,K04000001,80,all,full-time,paid-hours-worked-overtime,workplace
0.8,Count,1,,5.0,2016,K02000001,10,male,all,paid-hours-worked-overtime,workplace
37.5,Count,1,,2.3,2016,E06000005,mean,male,all,paid-hours-worked-basic,workplace
0.7,Count,1,,2.9,2016,E92000001,10,all,full-time,paid-hours-worked-overtime,workplace
8.5,Count,1,,2.2,2016,K02000001,75,male,all,paid-hours-worked-overtime,workplace
35.0,Count,1,,0.3,2016,K02000001,60,female,all,paid-hours-worked-basic,workplace
1.7,Count,1,,1.7,2016,E92000001,25,all,full-time,paid-hours-worked-overtime,workplace
5.5,Count,1,,1.6,2016,E92000001,60,male,all,paid-hours-worked-overtime,workplace
20.7,Count,1,,2.5,2016,E12000001,25,female,all,paid-hours-worked-basic,workplace
1.4,Count,1,,1.1,2016,K02000001,mean,male,full-time,paid-hours-worked-overtime,workplace
6.9,Count,1,,3.0,2016,K02000001,80,female,all,paid-hours-worked-overtime,workplace
6.5,Count,1,,8.2,2016,E12000001,70,all,all,paid-hours-worked-overtime,workplace
40.0,Count,1,,5.0,2016,E06000003,80,all,all,paid-hours-worked-basic,workplace
0.5,Count,1,,4.3,2016,E92000001,10,female,all,paid-hours-worked-overtime,workplace
,Count,1,x,46.0,2016,E06000002,10,all,all,paid-hours-worked-overtime,workplace
471.7,GBP,1,,3.6,2016,E06000005,mean,all,all,weekly-pay-gross,workplace
598.2,GBP,1,,2.0,2016,E12000001,75,all,all,weekly-pay-gross,workplace
,Count,1,x,64.0,2016,E06000003,median,all,all,paid-hours-worked-overtime,workplace
6.0,Count,1,,0.8,2016,K02000001,10,all,part-time,paid-hours-worked-basic,workplace
281.0,GBP,1,,1.8,2016,E12000001,40,female,all,weekly-pay-gross,workplace
3.1,Count,1,,7.4,2016,E12000001,40,male,all,paid-hours-worked-overtime,workplace
828.0,GBP,1,,3.7,2016,E12000001,90,all,all,weekly-pay-gross,workplace
,Count,1,x,29.0,2016,E06000001,20,all,part-time,paid-hours-worked-basic,workplace
266.3,GBP,1,,9.1,2016,E06000005,30,female,all,weekly-pay-gross,workplace
394.3,GBP,1,,0.3,2016,K04000001,30,male,all,weekly-pay-gross,workplace
,Count,1,x,x,2016,E06000002,70,male,all,paid-hours-worked-overtime,workplace
12.7,Count,1,,18.0,2016,E06000001,30,all,part-time,paid-hours-worked-basic,workplace
,Count,1,x,31.0,2016,E06000005,60,male,all,paid-hours-worked-overtime,workplace
37.0,Count,1,,2.1,2016,E06000005,60,female,all,paid-hours-worked-basic,workplace
1.6,Count,1,,1.9,2016,K02000001,20,male,full-time,paid-hours-worked-overtime,workplace
,Count,1,x,57.0,2016,E06000001,40,male,all,paid-hours-worked-overtime,workplace
37.5,Count,1,,0.0,2016,K03000001,median,all,full-time,paid-hours-worked-basic,workplace
,Count,1,x,x,2016,E06000005,10,female,full-time,paid-hours-worked-overtime,workplace
2.0,Count,1,,1.5,2016,K02000001,40,female,all,paid-hours-worked-overtime,workplace
13.0,Count,1,,0.8,2016,K04000001,30,all,part-time,paid-hours-worked-basic,workplace
,Count,1,x,x,2016,E06000001,70,female,full-time,paid-hours-worked-overtime,workplace
0.5,Count,1,,7.0,2016,E12000001,mean,female,all,paid-hours-worked-overtime,workplace
24.0,Count,1,,1.6,2016,E12000001,75,all,part-time,paid-hours-worked-basic,workplace
,Count,1,x,x,2016,E06000002,30,female,full-time,paid-hours-worked-overtime,workplace
13.3,Count,1,,3.4,2016,K04000001,90,all,full-time,paid-hours-worked-overtime,workplace
12.2,Count,1,,6.0,2016,E92000001,90,all,part-time,paid-hours-worked-overtime,workplace
546.9,GBP,1,,12.0,2016,E06000004,80,female,all,weekly-pay-gross,workplace
37.0,Count,1,,1.0,2016,E06000004,median,female,full-time,paid-hours-worked-basic,workplace
430.0,GBP,1,,5.6,2016,E06000004,30,male,full-time,weekly-pay-gross,workplace
1.1,Count,1,,11.0,2016,E12000001,25,all,part-time,paid-hours-worked-overtime,workplace
364.1,GBP,1,,0.1,2016,K03000001,20,all,full-time,weekly-pay-gross,workplace
18.7,Count,1,,0.5,2016,K02000001,median,female,part-time,paid-hours-worked-basic,workplace
1.2,Count,1,,11.0,2016,E12000001,30,female,part-time,paid-hours-worked-overtime,workplace
37.5,Count,1,,0.0,2016,K02000001,60,all,all,paid-hours-worked-basic,workplace
,Count,1,x,x,2016,E06000003,60,all,part-time,paid-hours-worked-overtime,workplace
40.0,Count,1,,0.0,2016,K03000001,70,male,full-time,paid-hours-worked-basic,workplace
,Count,1,x,x,2016,E06000005,30,female,part-time,paid-hours-worked-overtime,workplace
37.5,Count,1,,0.1,2016,K04000001,70,all,all,paid-hours-worked-basic,workplace
5.5,Count,1,,1.6,2016,K03000001,60,male,full-time,paid-hours-worked-overtime,workplace
35.0,Count,1,,0.0,2016,E92000001,10,male,full-time,paid-hours-worked-basic,workplace
,Count,1,x,x,2016,E06000001,25,female,part-time,paid-hours-worked-overtime,workplace
30.0,Count,1,,0.8,2016,E12000001,30,all,all,paid-hours-worked-basic,workplace
,Count,1,x,x,2016,E06000001,70,male,part-time,paid-hours-worked-overtime,workplace
20.0,Count,1,,0.5,2016,K02000001,60,male,part-time,paid-hours-worked-basic,workplace
953.4,GBP,1,,0.3,2016,K02000001,90,all,all,weekly-pay-gross,workplace
39.9,Count,1,,0.1,2016,K02000001,70,male,all,paid-hours-worked-basic,workplace
,Count,1,x,x,2016,E06000004,median,male,part-time,paid-hours-worked-overtime,workplace
,Count,1,x,x,2016,E06000005,30,male,part-time,paid-hours-worked-basic,workplace
440.0,GBP,1,,0.1,2016,K03000001,median,all,all,weekly-pay-gross,workplace
40.0,Count,1,,0.0,2016,K04000001,75,male,all,paid-hours-worked-basic,workplace
3.5,Count,1,,2.6,2016,K02000001,60,female,full-time,paid-hours-worked-overtime,workplace
37.5,Count,1,,0.0,2016,K04000001,60,female,full-time,paid-hours-worked-basic,workplace
277.2,GBP,1,,0.2,2016,K03000001,25,all,all,weekly-pay-gross,workplace
39.0,Count,1,,1.3,2016,E06000004,70,male,all,paid-hours-worked-basic,workplace
2.0,Count,1,,2.5,2016,K03000001,40,female,full-time,paid-hours-worked-overtime,workplace
,Count,1,x,x,2016,E06000003,10,female,part-time,paid-hours-worked-basic,workplace
373.0,GBP,1,,0.2,2016,K03000001,40,all,all,weekly-pay-gross,workplace
,Count,1,x,x,2016,E06000004,90,male,all,paid-hours-worked-basic,workplace
0.5,Count,1,,2.3,2016,K04000001,mean,female,full-time,paid-hours-worked-overtime,workplace
13.0,Count,1,,2.7,2016,K02000001,90,all,all,paid-hours-worked-overtime,workplace
517.5,GBP,1,,0.2,2016,K03000001,60,all,all,weekly-pay-gross,workplace
39.0,Count,1,,0.6,2016,E12000001,75,all,full-time,paid-hours-worked-basic,workplace
,Count,1,x,33.0,2016,E06000002,60,female,full-time,paid-hours-worked-overtime,workplace
8.8,Count,1,,1.7,2016,K03000001,80,all,all,paid-hours-worked-overtime,workplace
141.7,GBP,1,,0.6,2016,K04000001,10,all,all,weekly-pay-gross,workplace
39.1,Count,1,,4.3,2016,E06000001,75,all,full-time,paid-hours-worked-basic,workplace
,Count,1,x,x,2016,E06000005,80,all,all,paid-hours-worked-overtime,workplace
135.0,GBP,1,,0.6,2016,E92000001,10,all,all,weekly-pay-excluding-overtime,workplace
,Count,1,x,x,2016,E06000003,90,all,part-time,paid-hours-worked-basic,workplace
,GBP,1,x,22.0,2016,E06000005,80,female,full-time,weekly-pay-gross,workplace
,Count,1,x,x,2016,E06000004,25,female,full-time,paid-hours-worked-overtime,workplace
4.1,Count,1,,2.2,2016,K04000001,median,male,all,paid-hours-worked-overtime,workplace
389.2,GBP,1,,1.4,2016,E12000001,median,all,all,weekly-pay-excluding-overtime,workplace
37.5,Count,1,,0.0,2016,E12000001,40,male,full-time,paid-hours-worked-basic,workplace
,GBP,1,x,x,2016,E06000005,90,female,all,weekly-pay-gross,workplace
,Count,1,x,53.0,2016,E06000003,median,male,all,paid-hours-worked-overtime,workplace
783.6,GBP,1,,0.4,2016,E92000001,75,male,all,weekly-pay-gross,workplace
37.5,Count,1,,1.4,2016,E06000001,40,male,full-time,paid-hours-worked-basic,workplace
380.0,GBP,1,,18.0,2016,E06000003,70,female,all,weekly-pay-gross,workplace
5.7,Count,1,,3.0,2016,K03000001,75,female,all,paid-hours-worked-overtime,workplace
683.8,GBP,1,,2.5,2016,E12000001,75,male,all,weekly-pay-gross,workplace
39.9,Count,1,,4.8,2016,E06000001,70,male,full-time,paid-hours-worked-basic,workplace
283.3,GBP,1,,6.8,2016,E06000004,40,female,all,weekly-pay-gross,workplace
,Count,1,x,32.0,2016,E06000001,mean,female,all,paid-hours-worked-overtime,workplace
114.6,GBP,1,,2.8,2016,E12000001,10,female,all,weekly-pay-gross,workplace
11.0,Count,1,,2.4,2016,K02000001,30,male,part-time,paid-hours-worked-basic,workplace
,GBP,1,x,x,2016,E06000004,90,female,all,weekly-pay-gross,workplace
,Count,1,x,43.0,2016,E06000005,median,all,full-time,paid-hours-worked-overtime,workplace
170.3,GBP,1,,2.9,2016,E12000001,20,female,all,weekly-pay-gross,workplace
,Count,1,x,x,2016,E06000001,40,male,part-time,paid-hours-worked-basic,workplace
362.0,GBP,1,,7.4,2016,E06000003,30,all,full-time,weekly-pay-gross,workplace
,Count,1,x,38.0,2016,E06000001,60,all,full-time,paid-hours-worked-overtime,workplace
456.6,GBP,1,,14.0,2016,E06000002,70,female,all,weekly-pay-gross,workplace
,Count,1,x,36.0,2016,E06000002,30,male,part-time,paid-hours-worked-basic,workplace
610.4,GBP,1,,1.3,2016,E12000001,mean,male,full-time,weekly-pay-gross,workplace
80.9,GBP,1,,18.0,2016,E06000001,10,female,all,weekly-pay-excluding-overtime,workplace
1.0,Count,1,,0.9,2016,K02000001,mean,all,all,paid-hours-worked-overtime,workplace
29.0,Count,1,,0.6,2016,K03000001,40,female,all,paid-hours-worked-basic,workplace
229.6,GBP,1,,0.3,2016,K02000001,30,female,all,weekly-pay-excluding-overtime,workplace
164.3,GBP,1,,14.0,2016,E06000001,median,all,part-time,weekly-pay-gross,workplace
18.0,Count,1,,0.3,2016,E92000001,20,female,all,paid-hours-worked-basic,workplace
,Count,1,x,85.0,2016,E06000004,25,all,part-time,paid-hours-worked-overtime,workplace
175.0,GBP,1,,13.0,2016,E06000001,30,female,all,weekly-pay-excluding-overtime,workplace
13.0,Count,1,,3.2,2016,E92000001,90,all,all,paid-hours-worked-overtime,workplace
23.0,Count,1,,1.7,2016,E12000001,30,female,all,paid-hours-worked-basic,workplace
116.2,GBP,1,,13.0,2016,E06000002,10,female,all,weekly-pay-excluding-overtime,workplace
390.5,GBP,1,,1.4,2016,E12000001,25,male,full-time,weekly-pay-gross,workplace
16.1,Count,1,,12.0,2016,E06000003,20,female,all,paid-hours-worked-basic,workplace
0.9,Count,1,,10.0,2016,E12000001,10,male,full-time,paid-hours-worked-overtime,workplace
341.3,GBP,1,,6.5,2016,E06000002,median,female,all,weekly-pay-excluding-overtime,workplace
,Count,1,x,34.0,2016,E06000002,70,all,all,paid-hours-worked-overtime,workplace
32.5,Count,1,,5.6,2016,E06000001,60,female,all,paid-hours-worked-basic,workplace
406.8,GBP,1,,0.3,2016,E92000001,30,all,full-time,weekly-pay-excluding-overtime,workplace
660.5,GBP,1,,14.0,2016,E06000003,70,male,full-time,weekly-pay-gross,workplace
245.8,GBP,1,,1.6,2016,K02000001,75,male,part-time,weekly-pay-gross,workplace
900.0,GBP,1,,4.2,2016,E12000001,90,all,full-time,weekly-pay-gross,workplace
,Count,1,x,x,2016,E06000005,90,all,part-time,paid-hours-worked-overtime,workplace
22.6,Count,1,,0.6,2016,K02000001,70,female,part-time,paid-hours-worked-basic,workplace
247.1,GBP,1,,2.0,2016,E92000001,75,male,part-time,weekly-pay-gross,workplace
38.9,Count,1,,0.1,2016,K02000001,75,all,all,paid-hours-worked-basic,workplace
550.3,GBP,1,,3.2,2016,E06000005,mean,all,full-time,weekly-pay-gross,workplace
,Count,1,x,x,2016,E06000002,80,all,part-time,paid-hours-worked-overtime,workplace
14.0,Count,1,,0.5,2016,K03000001,30,female,part-time,paid-hours-worked-basic,workplace
,GBP,1,x,37.0,2016,E06000002,60,male,part-time,weekly-pay-gross,workplace
38.0,Count,1,,0.9,2016,E12000001,75,all,all,paid-hours-worked-basic,workplace
316.4,GBP,1,,4.4,2016,E06000003,20,all,full-time,weekly-pay-gross,workplace
,Count,1,x,61.0,2016,E06000003,mean,all,part-time,paid-hours-worked-overtime,workplace
6.1,Count,1,,1.0,2016,K04000001,10,female,part-time,paid-hours-worked-basic,workplace
575.6,GBP,1,,15.0,2016,E06000005,70,female,full-time,weekly-pay-gross,workplace
35.0,Count,1,,4.7,2016,E06000002,40,all,all,paid-hours-worked-basic,workplace
143.2,GBP,1,,16.0,2016,E06000001,40,all,part-time,weekly-pay-gross,workplace
,Count,1,x,x,2016,E06000003,75,all,part-time,paid-hours-worked-overtime,workplace
25.0,Count,1,,0.1,2016,E92000001,80,female,part-time,paid-hours-worked-basic,workplace
180.6,GBP,1,,0.5,2016,E92000001,median,female,part-time,weekly-pay-gross,workplace
,Count,1,x,x,2016,E06000001,80,male,all,paid-hours-worked-basic,workplace
,GBP,1,x,x,2016,E06000001,90,all,part-time,weekly-pay-gross,workplace
,Count,1,x,53.0,2016,E06000002,30,male,full-time,paid-hours-worked-overtime,workplace
6.9,Count,1,,8.0,2016,E12000001,10,female,part-time,paid-hours-worked-basic,workplace
180.7,GBP,1,,2.9,2016,E12000001,median,female,part-time,weekly-pay-gross,workplace
28.0,Count,1,,0.5,2016,K02000001,90,all,part-time,paid-hours-worked-basic,workplace
115.2,GBP,1,,0.9,2016,K03000001,30,male,part-time,weekly-pay-gross,workplace
,Count,1,x,x,2016,E06000002,80,male,full-time,paid-hours-worked-overtime,workplace
15.7,Count,1,,11.0,2016,E06000003,40,female,part-time,paid-hours-worked-basic,workplace
,GBP,1,x,33.0,2016,E06000003,70,female,part-time,weekly-pay-gross,workplace
22.5,Count,1,,11.0,2016,E06000005,70,all,part-time,paid-hours-worked-basic,workplace
115.2,GBP,1,,1.0,2016,K04000001,30,male,part-time,weekly-pay-gross,workplace
16.8,Count,1,,11.0,2016,K04000001,90,male,part-time,paid-hours-worked-overtime,workplace
348.9,GBP,1,,0.3,2016,E92000001,25,female,full-time,weekly-pay-excluding-overtime,workplace
,GBP,1,x,x,2016,E06000003,90,female,full-time,weekly-pay-gross,workplace
8.3,Count,1,,1.9,2016,E92000001,20,male,part-time,paid-hours-worked-basic,workplace
3.5,Count,1,,3.1,2016,K04000001,60,female,full-time,paid-hours-worked-overtime,workplace
371.7,GBP,1,,0.3,2016,K02000001,30,female,full-time,weekly-pay-excluding-overtime,workplace
1.3,Count,1,,8.0,2016,E12000001,25,female,all,paid-hours-worked-overtime,workplace
344.5,GBP,1,,4.9,2016,E06000002,25,female,full-time,weekly-pay-gross,workplace
2.0,Count,1,,3.1,2016,K04000001,40,female,part-time,paid-hours-worked-overtime,workplace
0.5,Count,1,,4.0,2016,K02000001,10,female,all,paid-hours-worked-overtime,workplace
536.8,GBP,1,,12.0,2016,E06000003,75,all,all,weekly-pay-excluding-overtime,workplace
,Count,1,x,x,2016,E06000005,80,male,full-time,paid-hours-worked-basic,workplace
717.6,GBP,1,,0.2,2016,K02000001,80,all,all,weekly-pay-excluding-overtime,workplace
330.6,GBP,1,,5.5,2016,E06000002,25,male,all,weekly-pay-gross,workplace
0.5,Count,1,,2.2,2016,K04000001,10,female,all,paid-hours-worked-overtime,workplace
376.8,GBP,1,,0.2,2016,K02000001,30,male,all,weekly-pay-excluding-overtime,workplace
40.0,Count,1,,0.0,2016,K02000001,90,female,full-time,paid-hours-worked-basic,workplace
,GBP,1,x,39.0,2016,E06000002,90,all,all,weekly-pay-excluding-overtime,workplace
349.1,GBP,1,,0.2,2016,K02000001,median,female,all,weekly-pay-gross,workplace
1.4,Count,1,,9.4,2016,E12000001,30,female,all,paid-hours-worked-overtime,workplace
297.3,GBP,1,,13.0,2016,E06000002,20,male,all,weekly-pay-excluding-overtime,workplace
32.4,Count,1,,0.4,2016,E12000001,10,female,full-time,paid-hours-worked-basic,workplace
300.6,GBP,1,,8.3,2016,E06000003,40,all,all,weekly-pay-excluding-overtime,workplace
196.9,GBP,1,,12.0,2016,E06000001,30,female,all,weekly-pay-gross,workplace
,Count,1,x,x,2016,E06000005,20,female,all,paid-hours-worked-overtime,workplace
,GBP,1,x,x,2016,E06000003,90,male,all,weekly-pay-excluding-overtime,workplace
13.9,Count,1,,4.5,2016,E12000001,25,female,part-time,paid-hours-worked-basic,workplace
27.6,Count,1,,0.4,2016,E92000001,25,all,all,paid-hours-worked-basic,workplace
,GBP,1,x,24.0,2016,E06000004,90,all,all,weekly-pay-excluding-overtime,workplace
1068.8,GBP,1,,0.8,2016,K04000001,90,all,full-time,weekly-pay-gross,workplace
,Count,1,x,x,2016,E06000003,60,female,all,paid-hours-worked-overtime,workplace
216.2,GBP,1,,16.0,2016,E06000004,10,male,all,weekly-pay-excluding-overtime,workplace
12.9,Count,1,,13.0,2016,E06000003,20,female,part-time,paid-hours-worked-basic,workplace
27.0,Count,1,,10.0,2016,E06000003,25,all,all,paid-hours-worked-basic,workplace
514.2,GBP,1,,11.0,2016,E06000001,60,male,all,weekly-pay-excluding-overtime,workplace
,GBP,1,x,25.0,2016,E06000001,80,all,full-time,weekly-pay-gross,workplace
5.0,Count,1,,8.2,2016,E12000001,60,all,full-time,paid-hours-worked-overtime,workplace
260.0,GBP,1,,8.8,2016,E06000005,30,female,all,weekly-pay-excluding-overtime,workplace
,Count,1,x,x,2016,E06000003,90,female,part-time,paid-hours-worked-basic,workplace
38.6,Count,1,,1.6,2016,E06000005,60,male,all,paid-hours-worked-basic,workplace
537.8,GBP,1,,6.9,2016,E06000004,60,male,all,weekly-pay-excluding-overtime,workplace
205.2,GBP,1,,2.2,2016,E12000001,60,all,part-time,weekly-pay-gross,workplace
0.5,Count,1,,6.0,2016,K04000001,10,all,part-time,paid-hours-worked-overtime,workplace
34.6,Count,1,,2.2,2016,E06000002,10,all,full-time,paid-hours-worked-basic,workplace
,Count,1,x,40.0,2016,E06000002,25,male,full-time,paid-hours-worked-overtime,workplace
158.2,GBP,1,,14.0,2016,E06000003,25,female,all,weekly-pay-excluding-overtime,workplace
,Count,1,x,60.0,2016,E06000003,60,all,all,paid-hours-worked-overtime,workplace
34.0,Count,1,,5.4,2016,E06000002,median,female,all,paid-hours-worked-basic,workplace
344.9,GBP,1,,3.5,2016,E06000004,25,all,full-time,weekly-pay-excluding-overtime,workplace
289.8,GBP,1,,0.3,2016,K02000001,10,female,full-time,weekly-pay-gross,workplace
37.0,Count,1,,0.6,2016,E06000002,25,all,full-time,paid-hours-worked-basic,workplace
,Count,1,x,30.0,2016,E06000003,mean,male,full-time,paid-hours-worked-overtime,workplace
596.9,GBP,1,,0.3,2016,E92000001,60,all,full-time,weekly-pay-excluding-overtime,workplace
,Count,1,x,34.0,2016,E06000002,60,male,all,paid-hours-worked-overtime,workplace
37.0,Count,1,,0.0,2016,K04000001,30,all,full-time,paid-hours-worked-basic,workplace
249.7,GBP,1,,0.6,2016,K02000001,75,all,part-time,weekly-pay-excluding-overtime,workplace
480.8,GBP,1,,0.3,2016,K03000001,median,female,full-time,weekly-pay-gross,workplace
36.8,Count,1,,2.4,2016,E06000003,20,all,full-time,paid-hours-worked-basic,workplace
,Count,1,x,26.0,2016,E06000004,median,male,full-time,paid-hours-worked-overtime,workplace
250.1,GBP,1,,0.6,2016,K03000001,75,all,part-time,weekly-pay-excluding-overtime,workplace
,Count,1,x,x,2016,E06000002,75,male,all,paid-hours-worked-overtime,workplace
37.5,Count,1,,0.3,2016,E12000001,60,all,full-time,paid-hours-worked-basic,workplace
275.0,GBP,1,,5.2,2016,E12000001,80,all,part-time,weekly-pay-excluding-overtime,workplace
630.2,GBP,1,,0.4,2016,K03000001,70,female,full-time,weekly-pay-gross,workplace
37.5,Count,1,,0.7,2016,E06000005,40,male,full-time,paid-hours-worked-basic,workplace
4.6,Count,1,,5.0,2016,K04000001,median,male,part-time,paid-hours-worked-overtime,workplace
187.4,GBP,1,,9.1,2016,E06000005,mean,all,part-time,weekly-pay-excluding-overtime,workplace
,Count,1,x,34.0,2016,E06000004,25,male,all,paid-hours-worked-overtime,workplace
37.5,Count,1,,0.4,2016,E06000005,median,all,full-time,paid-hours-worked-basic,workplace
117.4,GBP,1,,13.0,2016,E06000002,30,all,part-time,weekly-pay-excluding-overtime,workplace
428.6,GBP,1,,0.2,2016,E92000001,40,female,full-time,weekly-pay-gross,workplace
,Count,1,x,x,2016,E06000003,80,male,full-time,paid-hours-worked-basic,workplace
11.6,Count,1,,7.1,2016,K04000001,80,male,part-time,paid-hours-worked-overtime,workplace
431.1,GBP,1,,0.2,2016,K03000001,30,male,full-time,weekly-pay-excluding-overtime,workplace
2.8,Count,1,,1.1,2016,K04000001,median,female,all,paid-hours-worked-overtime,workplace
,Count,1,x,x,2016,E06000001,90,all,full-time,paid-hours-worked-basic,workplace
1151.1,GBP,1,,0.7,2016,K04000001,90,male,full-time,weekly-pay-excluding-overtime,workplace
510.5,GBP,1,,1.4,2016,E12000001,mean,female,full-time,weekly-pay-gross,workplace
39.0,Count,1,,1.6,2016,E06000004,60,male,full-time,paid-hours-worked-basic,workplace
0.5,Count,1,,2.2,2016,K03000001,mean,female,full-time,paid-hours-worked-overtime,workplace
400.0,GBP,1,,1.4,2016,E12000001,30,male,full-time,weekly-pay-excluding-overtime,workplace
0.6,Count,1,,1.6,2016,E92000001,mean,female,all,paid-hours-worked-overtime,workplace
16.5,Count,1,,7.1,2016,E06000005,mean,all,part-time,paid-hours-worked-basic,workplace
,Count,1,x,22.0,2016,E06000002,10,all,part-time,paid-hours-worked-basic,workplace
14.3,Count,1,,11.0,2016,E06000002,10,all,all,paid-hours-worked-basic,workplace
351.9,GBP,1,,7.3,2016,E06000005,30,female,full-time,weekly-pay-excluding-overtime,workplace
37.5,Count,1,,0.9,2016,E06000002,70,all,all,paid-hours-worked-basic,workplace
127.1,GBP,1,,0.6,2016,K02000001,30,female,part-time,weekly-pay-gross,workplace
14.5,Count,1,,18.0,2016,E06000005,mean,male,part-time,paid-hours-worked-basic,workplace
0.5,Count,1,,2.3,2016,E92000001,mean,female,full-time,paid-hours-worked-overtime,workplace
221.6,GBP,1,,20.0,2016,E06000005,70,female,part-time,weekly-pay-excluding-overtime,workplace
,Count,1,x,x,2016,E06000005,70,female,all,paid-hours-worked-overtime,workplace
24.0,Count,1,,8.2,2016,E06000002,70,all,part-time,paid-hours-worked-basic,workplace
34.9,Count,1,,5.1,2016,E06000003,40,all,all,paid-hours-worked-basic,workplace
530.8,GBP,1,,4.4,2016,E06000002,mean,female,full-time,weekly-pay-excluding-overtime,workplace
300.9,GBP,1,,16.0,2016,E06000003,25,male,all,weekly-pay-excluding-overtime,workplace
30.0,Count,1,,3.1,2016,E06000005,mean,female,all,paid-hours-worked-basic,workplace
,Count,1,x,x,2016,E06000005,75,male,part-time,paid-hours-worked-basic,workplace
1.0,Count,1,,4.0,2016,E92000001,20,female,full-time,paid-hours-worked-overtime,workplace
30.8,Count,1,,12.0,2016,E06000002,20,male,all,paid-hours-worked-basic,workplace
701.7,GBP,1,,0.2,2016,K03000001,80,all,all,basic-pay-including-other-pay,workplace
,Count,1,x,x,2016,E06000001,10,all,full-time,paid-hours-worked-overtime,workplace
37.5,Count,1,,0.1,2016,K02000001,median,male,full-time,paid-hours-worked-basic,workplace
35.8,Count,1,,0.1,2016,K02000001,mean,male,all,paid-hours-worked-basic,workplace
421.5,GBP,1,,18.0,2016,E06000003,60,female,full-time,weekly-pay-excluding-overtime,workplace
,Count,1,x,x,2016,E06000005,90,female,all,paid-hours-worked-basic,workplace
344.3,GBP,1,,0.2,2016,K02000001,median,female,all,weekly-pay-excluding-overtime,workplace
35.0,Count,1,,0.3,2016,K02000001,30,female,full-time,paid-hours-worked-basic,workplace
2.9,Count,1,,14.0,2016,E12000001,median,female,full-time,paid-hours-worked-overtime,workplace
40.0,Count,1,,0.1,2016,E92000001,90,female,all,paid-hours-worked-basic,workplace
425.7,GBP,1,,0.2,2016,K02000001,40,male,all,basic-pay-including-other-pay,workplace
3.1,Count,1,,2.3,2016,K02000001,median,all,part-time,paid-hours-worked-overtime,workplace
,Count,1,x,36.0,2016,E06000002,median,male,part-time,paid-hours-worked-basic,workplace
37.0,Count,1,,0.0,2016,K03000001,40,male,all,paid-hours-worked-basic,workplace
190.7,GBP,1,,6.5,2016,E06000004,mean,female,part-time,weekly-pay-excluding-overtime,workplace
486.9,GBP,1,,0.3,2016,K03000001,70,female,all,weekly-pay-excluding-overtime,workplace
,Count,1,x,x,2016,E06000003,90,female,all,paid-hours-worked-basic,workplace
22.5,Count,1,,0.5,2016,E92000001,70,female,part-time,paid-hours-worked-basic,workplace
,Count,1,x,x,2016,E06000001,60,female,full-time,paid-hours-worked-overtime,workplace
35.0,Count,1,,0.2,2016,K02000001,20,all,full-time,paid-hours-worked-basic,workplace
599.7,GBP,1,,0.3,2016,K03000001,mean,male,all,basic-pay-including-other-pay,workplace
1.0,Count,1,,2.0,2016,K04000001,20,all,part-time,paid-hours-worked-overtime,workplace
37.5,Count,1,,0.2,2016,E06000002,median,female,full-time,paid-hours-worked-basic,workplace
22.5,Count,1,,3.4,2016,E12000001,10,male,all,paid-hours-worked-basic,workplace
260.1,GBP,1,,7.9,2016,E06000005,20,all,all,basic-pay-including-other-pay,workplace
36.1,Count,1,,0.1,2016,K03000001,25,all,full-time,paid-hours-worked-basic,workplace
600.4,GBP,1,,0.4,2016,K03000001,80,female,all,weekly-pay-excluding-overtime,workplace
21.0,Count,1,,2.8,2016,E12000001,60,female,part-time,paid-hours-worked-basic,workplace
,Count,1,x,x,2016,E06000003,25,female,full-time,paid-hours-worked-overtime,workplace
32.6,Count,1,,1.9,2016,E06000004,10,all,full-time,paid-hours-worked-basic,workplace
367.9,GBP,1,,0.3,2016,K03000001,30,male,all,basic-pay-including-other-pay,workplace
,Count,1,x,x,2016,E06000004,80,all,part-time,paid-hours-worked-overtime,workplace
,Count,1,x,x,2016,E06000002,70,female,full-time,paid-hours-worked-basic,workplace
36.9,Count,1,,0.1,2016,E12000001,30,male,all,paid-hours-worked-basic,workplace
206.3,GBP,1,,8.7,2016,E06000002,20,all,all,basic-pay-including-other-pay,workplace
34.5,Count,1,,0.8,2016,E12000001,10,all,full-time,paid-hours-worked-basic,workplace
215.3,GBP,1,,9.8,2016,E06000002,25,female,all,weekly-pay-excluding-overtime,workplace
24.0,Count,1,,11.0,2016,E06000005,75,female,part-time,paid-hours-worked-basic,workplace
37.0,Count,1,,0.0,2016,E12000001,median,all,all,paid-hours-worked-basic,workplace
,Count,1,x,x,2016,E06000002,60,female,part-time,paid-hours-worked-overtime,workplace
16.1,Count,1,,1.8,2016,E12000001,40,all,part-time,paid-hours-worked-basic,workplace
1074.0,GBP,1,,0.8,2016,K04000001,90,male,all,basic-pay-including-other-pay,workplace
4.1,Count,1,,2.2,2016,E92000001,median,male,full-time,paid-hours-worked-overtime,workplace
37.5,Count,1,,1.7,2016,E06000002,75,female,full-time,paid-hours-worked-basic,workplace
31.5,Count,1,,13.0,2016,E06000003,20,male,all,paid-hours-worked-basic,workplace
402.3,GBP,1,,0.3,2016,E92000001,60,female,all,basic-pay-including-other-pay,workplace
,Count,1,x,44.0,2016,E06000005,20,all,part-time,paid-hours-worked-basic,workplace
805.7,GBP,1,,0.3,2016,K03000001,80,all,full-time,weekly-pay-excluding-overtime,workplace
,Count,1,x,47.0,2016,E06000003,40,all,all,paid-hours-worked-overtime,workplace
38.0,Count,1,,0.1,2016,K04000001,60,male,all,paid-hours-worked-basic,workplace
736.8,GBP,1,,0.2,2016,K02000001,80,all,all,weekly-pay-gross,workplace
20.9,Count,1,,11.0,2016,E06000005,60,all,part-time,paid-hours-worked-basic,workplace
675.0,GBP,1,,0.3,2016,E92000001,70,male,all,basic-pay-including-other-pay,workplace
7.5,Count,1,,9.5,2016,E12000001,70,male,full-time,paid-hours-worked-overtime,workplace
19.5,Count,1,,9.8,2016,E06000001,median,female,part-time,paid-hours-worked-basic,workplace
39.0,Count,1,,1.6,2016,E06000003,60,male,all,paid-hours-worked-basic,workplace
220.4,GBP,1,,12.0,2016,E06000005,25,female,all,basic-pay-including-other-pay,workplace
710.2,GBP,1,,2.3,2016,E12000001,80,all,full-time,weekly-pay-excluding-overtime,workplace
39.0,Count,1,,0.0,2016,K02000001,60,male,full-time,paid-hours-worked-basic,workplace
0.8,Count,1,,5.0,2016,K04000001,10,male,full-time,paid-hours-worked-overtime,workplace
662.3,GBP,1,,0.3,2016,K03000001,mean,male,full-time,basic-pay-including-other-pay,workplace
535.3,GBP,1,,0.2,2016,K04000001,median,male,all,weekly-pay-gross,workplace
37.0,Count,1,,0.9,2016,E06000003,20,male,full-time,paid-hours-worked-basic,workplace
,Count,1,x,45.0,2016,E06000002,30,male,all,paid-hours-worked-overtime,workplace
28.9,GBP,1,,2.5,2016,K02000001,median,all,part-time,overtime-pay,workplace
,Count,1,x,x,2016,E06000001,80,female,full-time,paid-hours-worked-overtime,workplace
457.7,GBP,1,,9.8,2016,E06000002,median,female,full-time,weekly-pay-gross,workplace
,Count,1,x,x,2016,E06000005,90,female,all,paid-hours-worked-overtime,workplace
2.0,Count,1,,1.5,2016,K04000001,40,female,all,paid-hours-worked-overtime,workplace
0.9,Count,1,,13.0,2016,E12000001,20,female,part-time,paid-hours-worked-overtime,workplace
160.7,GBP,1,,x,2016,E06000003,median,male,part-time,basic-pay-including-other-pay,workplace
1.8,Count,1,,1.6,2016,K02000001,25,male,all,paid-hours-worked-overtime,workplace
114.5,GBP,1,,17.0,2016,E06000001,30,all,part-time,weekly-pay-gross,workplace
449.7,GBP,1,,6.5,2016,E06000003,mean,male,all,basic-pay-including-other-pay,workplace
2.8,Count,1,,1.4,2016,K03000001,40,all,full-time,paid-hours-worked-overtime,workplace
75.4,GBP,1,,4.0,2016,K04000001,80,all,part-time,overtime-pay,workplace
,Count,1,x,x,2016,E06000004,30,female,full-time,paid-hours-worked-overtime,workplace
421.5,GBP,1,,18.0,2016,E06000003,60,female,full-time,weekly-pay-gross,workplace
,Count,1,x,x,2016,E06000002,10,female,all,paid-hours-worked-overtime,workplace
0.8,Count,1,,3.7,2016,E92000001,10,male,all,paid-hours-worked-overtime,workplace
37.4,Count,1,,1.3,2016,E06000003,40,male,all,paid-hours-worked-basic,workplace
277.4,GBP,1,,0.3,2016,K04000001,25,all,all,weekly-pay-gross,workplace
23.2,Count,1,,11.0,2016,E06000005,75,all,part-time,paid-hours-worked-basic,workplace
317.0,GBP,1,,13.0,2016,E06000001,20,male,all,basic-pay-including-other-pay,workplace
1.5,Count,1,,6.0,2016,K02000001,20,male,part-time,paid-hours-worked-overtime,workplace
,Count,1,x,x,2016,E06000001,80,male,all,paid-hours-worked-overtime,workplace
28.9,Count,1,,0.7,2016,E12000001,mean,female,all,paid-hours-worked-basic,workplace
269.9,GBP,1,,7.7,2016,E06000004,40,female,all,basic-pay-including-other-pay,workplace
682.6,GBP,1,,9.9,2016,E06000005,75,all,full-time,weekly-pay-excluding-overtime,workplace
40.0,Count,1,,0.0,2016,K02000001,80,male,full-time,paid-hours-worked-basic,workplace
10.6,Count,1,,4.8,2016,K02000001,90,female,all,paid-hours-worked-overtime,workplace
35.0,Count,1,,0.3,2016,K03000001,60,female,all,paid-hours-worked-basic,workplace
346.2,GBP,1,,1.1,2016,E12000001,40,all,all,weekly-pay-gross,workplace
14.7,Count,1,,8.4,2016,E06000004,30,all,part-time,paid-hours-worked-basic,workplace
460.2,GBP,1,,6.0,2016,E06000004,median,male,all,basic-pay-including-other-pay,workplace
16.8,Count,1,,10.0,2016,K02000001,90,male,part-time,paid-hours-worked-overtime,workplace
,Count,1,x,x,2016,E06000003,30,female,all,paid-hours-worked-overtime,workplace
32.4,Count,1,,6.9,2016,E06000005,40,female,all,paid-hours-worked-basic,workplace
370.0,GBP,1,,0.2,2016,K03000001,25,all,full-time,basic-pay-including-other-pay,workplace
350.0,GBP,1,,3.5,2016,E06000002,25,all,full-time,weekly-pay-excluding-overtime,workplace
43.1,Count,1,,0.5,2016,K04000001,90,male,full-time,paid-hours-worked-basic,workplace
1.4,Count,1,,2.1,2016,K04000001,30,female,all,paid-hours-worked-overtime,workplace
38.9,Count,1,,1.6,2016,E12000001,90,female,all,paid-hours-worked-basic,workplace
444.4,GBP,1,,5.5,2016,E06000001,mean,all,all,weekly-pay-gross,workplace
37.5,Count,1,,0.0,2016,K02000001,40,male,full-time,paid-hours-worked-basic,workplace
341.1,GBP,1,,7.5,2016,E06000001,mean,female,all,basic-pay-including-other-pay,workplace
,Count,1,x,x,2016,E06000005,10,male,part-time,paid-hours-worked-overtime,workplace
0.7,Count,1,,2.9,2016,K03000001,10,all,full-time,paid-hours-worked-overtime,workplace
40.0,Count,1,,0.0,2016,K03000001,80,all,full-time,paid-hours-worked-basic,workplace
394.4,GBP,1,,0.2,2016,K03000001,30,all,full-time,basic-pay-including-other-pay,workplace
472.0,GBP,1,,4.7,2016,E06000004,median,all,full-time,weekly-pay-excluding-overtime,workplace
37.5,Count,1,,0.7,2016,E06000003,30,male,full-time,paid-hours-worked-basic,workplace
4.8,Count,1,,2.5,2016,E92000001,70,female,all,paid-hours-worked-overtime,workplace
35.0,Count,1,,3.3,2016,E06000004,60,female,all,paid-hours-worked-basic,workplace
226.1,GBP,1,,11.0,2016,E06000001,25,all,all,weekly-pay-gross,workplace
24.0,Count,1,,0.3,2016,E92000001,75,male,part-time,paid-hours-worked-basic,workplace
342.2,GBP,1,,16.0,2016,E06000001,60,female,all,basic-pay-including-other-pay,workplace
0.9,Count,1,,2.2,2016,K03000001,20,female,part-time,paid-hours-worked-overtime,workplace
7.8,Count,1,,1.7,2016,K03000001,75,all,full-time,paid-hours-worked-overtime,workplace
37.5,Count,1,,0.0,2016,E12000001,median,all,full-time,paid-hours-worked-basic,workplace
86.7,GBP,1,,0.7,2016,E92000001,20,all,part-time,basic-pay-including-other-pay,workplace
396.5,GBP,1,,1.6,2016,K04000001,90,all,part-time,weekly-pay-excluding-overtime,workplace
,Count,1,x,x,2016,E06000001,75,male,part-time,paid-hours-worked-basic,workplace
,Count,1,x,26.0,2016,E06000005,mean,female,all,paid-hours-worked-overtime,workplace
28.0,Count,1,,0.5,2016,K03000001,90,all,part-time,paid-hours-worked-basic,workplace
460.0,GBP,1,,0.2,2016,K03000001,40,male,all,weekly-pay-gross,workplace
28.5,Count,1,,4.5,2016,E12000001,90,male,part-time,paid-hours-worked-basic,workplace
358.1,GBP,1,,4.1,2016,E06000004,mean,female,all,basic-pay-including-other-pay,workplace
1.1,Count,1,,2.6,2016,K04000001,25,female,part-time,paid-hours-worked-overtime,workplace
,Count,1,x,x,2016,E06000001,90,all,full-time,paid-hours-worked-overtime,workplace
9.5,Count,1,,1.4,2016,K02000001,20,all,part-time,paid-hours-worked-basic,workplace
377.4,GBP,1,,9.7,2016,E12000001,90,all,part-time,basic-pay-including-other-pay,workplace
139.0,GBP,1,,15.0,2016,E06000001,40,all,part-time,weekly-pay-excluding-overtime,workplace
32.4,Count,1,,0.1,2016,E92000001,10,female,full-time,paid-hours-worked-basic,workplace
,Count,1,x,28.0,2016,E06000002,median,female,all,paid-hours-worked-overtime,workplace
,Count,1,x,x,2016,K04000001,75,male,full-time,paid-hours-worked-basic,workplace
545.9,GBP,1,,6.9,2016,E06000005,60,male,all,weekly-pay-gross,workplace
34.9,Count,1,,0.4,2016,E12000001,20,female,full-time,paid-hours-worked-basic,workplace
597.6,GBP,1,,16.0,2016,E06000003,80,all,full-time,basic-pay-including-other-pay,workplace
,Count,1,x,23.0,2016,E06000004,40,all,full-time,paid-hours-worked-overtime,workplace
,Count,1,x,x,2016,E06000004,25,female,part-time,paid-hours-worked-overtime,workplace
23.0,Count,1,,13.0,2016,E06000003,70,all,part-time,paid-hours-worked-basic,workplace
162.7,GBP,1,,15.0,2016,E06000005,median,all,part-time,basic-pay-including-other-pay,workplace
785.8,GBP,1,,0.4,2016,K02000001,75,male,full-time,weekly-pay-excluding-overtime,workplace
37.5,Count,1,,0.1,2016,E92000001,70,female,full-time,paid-hours-worked-basic,workplace
,Count,1,x,x,2016,E06000002,75,female,all,paid-hours-worked-overtime,workplace
43.2,Count,1,,0.6,2016,E92000001,90,male,full-time,paid-hours-worked-basic,workplace
719.6,GBP,1,,15.0,2016,E06000005,80,male,all,weekly-pay-gross,workplace
35.0,Count,1,,3.1,2016,E06000005,25,female,full-time,paid-hours-worked-basic,workplace
,Count,1,x,x,2016,E06000005,60,all,part-time,paid-hours-worked-overtime,workplace
195.4,GBP,1,,0.5,2016,K04000001,60,all,part-time,basic-pay-including-other-pay,workplace
309.4,GBP,1,,0.2,2016,K03000001,30,all,all,weekly-pay-gross,workplace
37.5,Count,1,,0.1,2016,K03000001,median,male,full-time,paid-hours-worked-basic,workplace
,GBP,1,x,78.0,2016,E12000001,90,male,part-time,weekly-pay-excluding-overtime,workplace
612.7,GBP,1,,0.2,2016,K03000001,60,male,full-time,basic-pay-including-other-pay,workplace
36.8,Count,1,,0.3,2016,E12000001,mean,female,full-time,paid-hours-worked-basic,workplace
0.5,Count,1,,4.0,2016,K02000001,10,all,part-time,paid-hours-worked-overtime,workplace
,Count,1,x,x,2016,E06000002,75,male,full-time,paid-hours-worked-basic,workplace
506.4,GBP,1,,6.7,2016,E06000003,mean,male,all,weekly-pay-gross,workplace
,Count,1,x,x,2016,E06000001,10,female,full-time,paid-hours-worked-basic,workplace
,Count,1,x,46.0,2016,E06000004,40,all,part-time,paid-hours-worked-overtime,workplace
,GBP,1,x,27.0,2016,E06000005,25,all,part-time,basic-pay-including-other-pay,workplace
221.4,GBP,1,,1.0,2016,K03000001,10,male,all,weekly-pay-gross,workplace
,Count,1,x,x,2016,E92000001,75,male,full-time,paid-hours-worked-basic,workplace
287.5,GBP,1,,0.1,2016,K04000001,10,female,full-time,weekly-pay-excluding-overtime,workplace
39.9,Count,1,,3.0,2016,E06000005,80,female,full-time,paid-hours-worked-basic,workplace
,GBP,1,x,x,2016,E06000001,80,male,full-time,basic-pay-including-other-pay,workplace
,Count,1,x,x,2016,E06000005,25,all,part-time,paid-hours-worked-overtime,workplace
5.2,Count,1,,2.5,2016,K02000001,10,male,part-time,paid-hours-worked-basic,workplace
628.3,GBP,1,,1.9,2016,E12000001,70,all,full-time,weekly-pay-gross,workplace
35.0,Count,1,,2.1,2016,E06000004,30,female,full-time,paid-hours-worked-basic,workplace
478.2,GBP,1,,12.0,2016,E06000003,median,male,all,weekly-pay-gross,workplace
484.8,GBP,1,,11.0,2016,E06000003,70,all,all,weekly-pay-excluding-overtime,workplace
,Count,1,x,33.0,2016,E06000002,30,all,part-time,paid-hours-worked-overtime,workplace
,Count,1,x,x,2016,E06000003,90,male,full-time,paid-hours-worked-overtime,workplace
344.9,GBP,1,,5.1,2016,E06000002,30,male,all,weekly-pay-gross,workplace
12.3,Count,1,,5.6,2016,K03000001,90,all,part-time,paid-hours-worked-overtime,workplace
14.2,GBP,1,,1.5,2016,E92000001,20,all,all,overtime-pay,workplace
291.0,GBP,1,,0.3,2016,E92000001,10,female,full-time,weekly-pay-gross,workplace
721.8,GBP,1,,0.3,2016,E92000001,70,male,full-time,basic-pay-including-other-pay,workplace
5.6,Count,1,,4.8,2016,E92000001,75,female,full-time,paid-hours-worked-overtime,workplace
9.0,GBP,1,,4.5,2016,E06000004,25,male,all,hourly-pay-gross,workplace
380.5,GBP,1,,1.4,2016,E12000001,mean,female,all,weekly-pay-gross,workplace
742.3,GBP,1,,0.3,2016,K02000001,75,male,all,weekly-pay-excluding-overtime,workplace
,Count,1,x,x,2016,E06000003,80,all,part-time,paid-hours-worked-overtime,workplace
1.5,Count,1,,6.7,2016,K04000001,20,male,part-time,paid-hours-worked-overtime,workplace
686.1,GBP,1,,10.0,2016,E06000002,75,male,all,weekly-pay-gross,workplace
2.2,Count,1,,2.7,2016,K04000001,40,all,part-time,paid-hours-worked-overtime,workplace
,GBP,1,x,66.0,2016,E06000001,25,all,all,overtime-pay,workplace
455.4,GBP,1,,11.0,2016,E06000001,median,female,full-time,weekly-pay-gross,workplace
484.6,GBP,1,,3.7,2016,E06000004,mean,female,full-time,weekly-pay-excluding-overtime,workplace
17.8,Count,1,,0.2,2016,K03000001,mean,female,part-time,paid-hours-worked-basic,workplace
135.6,GBP,1,,7.1,2016,E12000001,40,male,part-time,basic-pay-including-other-pay,workplace
,Count,1,x,53.0,2016,E06000002,median,all,part-time,paid-hours-worked-overtime,workplace
8.0,Count,1,,11.0,2016,E12000001,20,male,part-time,paid-hours-worked-basic,workplace
620.2,GBP,1,,11.0,2016,E06000001,70,all,full-time,weekly-pay-gross,workplace
18.7,Count,1,,0.5,2016,K03000001,median,female,part-time,paid-hours-worked-basic,workplace
4.3,Count,1,,8.2,2016,E12000001,median,male,full-time,paid-hours-worked-overtime,workplace
479.1,GBP,1,,1.6,2016,E12000001,median,male,full-time,basic-pay-including-other-pay,workplace
859.5,GBP,1,,0.3,2016,K04000001,80,male,all,weekly-pay-gross,workplace
14.8,Count,1,,1.1,2016,K03000001,40,male,part-time,paid-hours-worked-basic,workplace
396.4,GBP,1,,1.4,2016,K02000001,90,female,part-time,weekly-pay-excluding-overtime,workplace
18.6,Count,1,,0.4,2016,E92000001,median,female,part-time,paid-hours-worked-basic,workplace
107.6,GBP,1,,0.6,2016,E92000001,25,female,part-time,basic-pay-including-other-pay,workplace
,Count,1,x,x,2016,E06000002,60,all,part-time,paid-hours-worked-overtime,workplace
216.9,GBP,1,,2.4,2016,E12000001,mean,all,part-time,weekly-pay-gross,workplace
25.0,Count,1,,5.2,2016,E12000001,80,male,part-time,paid-hours-worked-basic,workplace
18.1,Count,1,,7.3,2016,E06000002,40,female,part-time,paid-hours-worked-basic,workplace
,Count,1,x,46.0,2016,E06000005,40,male,full-time,paid-hours-worked-overtime,workplace
,GBP,1,x,x,2016,E06000005,90,male,full-time,basic-pay-including-other-pay,workplace
713.8,GBP,1,,20.0,2016,E06000002,80,male,all,weekly-pay-gross,workplace
18.0,Count,1,,5.7,2016,E12000001,median,male,part-time,paid-hours-worked-basic,workplace
149.3,GBP,1,,0.5,2016,E92000001,40,female,part-time,weekly-pay-excluding-overtime,workplace
,Count,1,x,x,2016,E06000001,90,female,part-time,paid-hours-worked-basic,workplace
,GBP,1,x,30.0,2016,E06000001,70,female,part-time,basic-pay-including-other-pay,workplace
1.4,Count,1,,1.3,2016,E92000001,mean,male,full-time,paid-hours-worked-overtime,workplace
,Count,1,x,x,2016,E06000004,75,male,part-time,paid-hours-worked-basic,workplace
,GBP,1,x,34.0,2016,E06000005,20,all,part-time,weekly-pay-gross,workplace
12.0,Count,1,,11.0,2016,E06000004,25,female,part-time,paid-hours-worked-basic,workplace
,Count,1,x,27.0,2016,E06000002,mean,male,full-time,paid-hours-worked-overtime,workplace
93.2,GBP,1,,1.4,2016,K02000001,25,male,part-time,basic-pay-including-other-pay,workplace
170.2,GBP,1,,14.0,2016,E06000001,25,female,all,weekly-pay-gross,workplace
37.1,Count,1,,0.3,2016,E06000002,40,female,full-time,paid-hours-worked-basic,workplace
232.3,GBP,1,,0.6,2016,E92000001,70,female,part-time,weekly-pay-excluding-overtime,workplace
17.8,Count,1,,16.0,2016,E06000003,median,female,part-time,paid-hours-worked-basic,workplace
79.2,GBP,1,,3.3,2016,K03000001,80,female,all,overtime-pay,workplace
8.3,Count,1,,2.3,2016,E92000001,75,male,full-time,paid-hours-worked-overtime,workplace
37.0,Count,1,,3.3,2016,E06000003,40,female,full-time,paid-hours-worked-basic,workplace
453.5,GBP,1,,0.3,2016,E92000001,30,male,full-time,weekly-pay-gross,workplace
1.8,Count,1,,1.6,2016,K03000001,30,all,all,paid-hours-worked-overtime,workplace
,Count,1,x,x,2016,E06000001,90,male,part-time,paid-hours-worked-overtime,workplace
157.4,GBP,1,,1.0,2016,K04000001,median,male,part-time,basic-pay-including-other-pay,workplace
170.3,GBP,1,,13.0,2016,E06000003,25,female,all,weekly-pay-gross,workplace
,Count,1,x,x,2016,E06000002,90,female,full-time,paid-hours-worked-basic,workplace
,GBP,1,x,45.0,2016,E06000005,20,female,part-time,weekly-pay-excluding-overtime,workplace
,Count,1,x,71.0,2016,E06000002,75,all,all,paid-hours-worked-overtime,workplace
55.5,GBP,1,,12.0,2016,E12000001,70,female,all,overtime-pay,workplace
,Count,1,x,x,2016,E06000001,20,male,full-time,paid-hours-worked-overtime,workplace
,Count,1,x,21.0,2016,E06000002,40,all,all,paid-hours-worked-overtime,workplace
422.7,GBP,1,,1.4,2016,E12000001,30,male,full-time,weekly-pay-gross,workplace
0.9,Count,1,,19.0,2016,E06000005,mean,all,all,paid-hours-worked-overtime,workplace
,Count,1,x,x,2016,E06000002,30,male,part-time,paid-hours-worked-overtime,workplace
273.3,GBP,1,,16.0,2016,E12000001,80,male,part-time,basic-pay-including-other-pay,workplace
,Count,1,x,21.0,2016,E06000005,40,female,part-time,paid-hours-worked-basic,workplace
1079.1,GBP,1,,0.8,2016,E92000001,90,all,full-time,weekly-pay-gross,workplace
559.8,GBP,1,,9.8,2016,E06000005,75,all,all,basic-pay-including-other-pay,workplace
,Count,1,x,x,2016,E06000003,90,all,all,paid-hours-worked-overtime,workplace
,GBP,1,x,29.0,2016,E06000002,60,all,full-time,overtime-pay,workplace
,Count,1,x,x,2016,E06000001,20,male,part-time,paid-hours-worked-overtime,workplace
,Count,1,x,x,2016,E06000005,20,male,all,paid-hours-worked-overtime,workplace
418.0,GBP,1,,10.0,2016,E06000001,20,male,full-time,weekly-pay-gross,workplace
1.6,Count,1,,1.9,2016,K02000001,20,male,all,paid-hours-worked-overtime,workplace
6.9,Count,1,,4.5,2016,K03000001,80,female,full-time,paid-hours-worked-overtime,workplace
,GBP,1,x,x,2016,E06000001,median,male,part-time,basic-pay-including-other-pay,workplace
727.8,GBP,1,,8.5,2016,E06000002,80,all,full-time,weekly-pay-gross,workplace
19.2,Count,1,,6.0,2016,E06000003,mean,female,part-time,paid-hours-worked-basic,workplace
340.0,GBP,1,,0.2,2016,K03000001,25,male,all,basic-pay-including-other-pay,workplace
4.1,Count,1,,2.2,2016,E92000001,median,male,all,paid-hours-worked-overtime,workplace
,GBP,1,x,90.0,2016,E06000003,60,all,full-time,overtime-pay,workplace
,Count,1,x,x,2016,E06000004,70,male,part-time,paid-hours-worked-overtime,workplace
4.4,Count,1,,14.0,2016,E12000001,70,female,all,paid-hours-worked-overtime,workplace
,GBP,1,x,x,2016,E06000002,90,male,full-time,weekly-pay-gross,workplace
3.6,Count,1,,2.2,2016,K03000001,60,female,all,paid-hours-worked-overtime,workplace
,Count,1,x,35.0,2016,E06000002,median,female,full-time,paid-hours-worked-overtime,workplace
,GBP,1,x,x,2016,E06000001,60,male,part-time,basic-pay-including-other-pay,workplace
6.4,Count,1,,1.7,2016,K03000001,70,all,all,paid-hours-worked-overtime,workplace
111.4,GBP,1,,0.7,2016,K03000001,25,all,part-time,weekly-pay-gross,workplace
493.0,GBP,1,,0.3,2016,K04000001,median,male,all,basic-pay-including-other-pay,workplace
7.4,Count,1,,2.0,2016,E92000001,70,male,all,paid-hours-worked-overtime,workplace
,GBP,1,x,41.0,2016,E06000004,75,all,full-time,overtime-pay,workplace
0.5,Count,1,,5.8,2016,K03000001,10,female,full-time,paid-hours-worked-overtime,workplace
5.2,Count,1,,17.0,2016,E12000001,75,female,all,paid-hours-worked-overtime,workplace
,GBP,1,x,x,2016,E06000005,80,male,part-time,weekly-pay-gross,workplace
6.9,Count,1,,3.0,2016,K03000001,80,female,all,paid-hours-worked-overtime,workplace
2.8,Count,1,,2.5,2016,K03000001,median,female,part-time,paid-hours-worked-overtime,workplace
,Count,1,x,31.0,2016,E06000002,60,all,all,paid-hours-worked-overtime,workplace
,GBP,1,x,x,2016,E06000002,75,male,part-time,basic-pay-including-other-pay,workplace
205.9,GBP,1,,14.0,2016,E06000005,60,all,part-time,weekly-pay-gross,workplace
350.9,GBP,1,,1.3,2016,E12000001,30,male,all,basic-pay-including-other-pay,workplace
2.7,Count,1,,10.0,2016,E12000001,median,female,all,paid-hours-worked-overtime,workplace
,Count,1,x,x,2016,E06000004,90,female,part-time,paid-hours-worked-overtime,workplace
,Count,1,x,34.0,2016,E06000004,75,male,all,paid-hours-worked-overtime,workplace
529.8,GBP,1,,0.4,2016,K02000001,60,female,full-time,basic-pay-including-other-pay,workplace
125.0,GBP,1,,12.0,2016,E06000003,25,all,part-time,weekly-pay-gross,workplace
196.1,GBP,1,,0.5,2016,K02000001,25,female,all,basic-pay-including-other-pay,workplace
4.1,Count,1,,2.9,2016,E92000001,60,all,part-time,paid-hours-worked-overtime,workplace
,GBP,1,x,23.0,2016,E12000001,10,all,part-time,overtime-pay,workplace
,Count,1,x,x,2016,E06000004,75,female,full-time,paid-hours-worked-overtime,workplace
577.2,GBP,1,,9.5,2016,E06000004,70,female,full-time,weekly-pay-gross,workplace
,Count,1,x,x,2016,E06000003,20,female,all,paid-hours-worked-overtime,workplace
,Count,1,x,60.0,2016,E06000005,60,female,all,paid-hours-worked-overtime,workplace
231.3,GBP,1,,0.4,2016,K02000001,20,all,all,weekly-pay-gross,workplace
721.1,GBP,1,,0.6,2016,E92000001,80,female,full-time,basic-pay-including-other-pay,workplace
,Count,1,x,x,2016,E06000001,70,female,all,paid-hours-worked-overtime,workplace
195.9,GBP,1,,8.7,2016,E06000004,60,all,part-time,weekly-pay-gross,workplace
161.9,GBP,1,,2.8,2016,E12000001,20,female,all,basic-pay-including-other-pay,workplace
,Count,1,x,x,2016,E06000003,90,all,part-time,paid-hours-worked-overtime,workplace
,GBP,1,x,53.0,2016,E06000002,median,all,part-time,overtime-pay,workplace
3.7,Count,1,,3.5,2016,K04000001,60,female,part-time,paid-hours-worked-overtime,workplace
181.4,GBP,1,,0.4,2016,K02000001,median,female,part-time,weekly-pay-gross,workplace
5.0,Count,1,,1.2,2016,K04000001,60,all,full-time,paid-hours-worked-overtime,workplace
,Count,1,x,x,2016,E06000003,70,female,all,paid-hours-worked-overtime,workplace
611.5,GBP,1,,0.2,2016,K02000001,70,all,all,weekly-pay-gross,workplace
1.4,Count,1,,2.2,2016,K04000001,20,all,full-time,paid-hours-worked-overtime,workplace
665.8,GBP,1,,13.0,2016,E06000002,75,female,full-time,basic-pay-including-other-pay,workplace
718.1,GBP,1,,2.7,2016,E12000001,75,male,full-time,weekly-pay-gross,workplace
505.5,GBP,1,,0.2,2016,K02000001,median,all,full-time,basic-pay-including-other-pay,workplace
,Count,1,x,x,2016,E06000004,70,all,part-time,paid-hours-worked-overtime,workplace
47.1,GBP,1,,1.6,2016,K03000001,40,male,full-time,overtime-pay,workplace
,Count,1,x,x,2016,E06000005,40,female,part-time,paid-hours-worked-overtime,workplace
405.8,GBP,1,,1.4,2016,K03000001,90,female,part-time,weekly-pay-gross,workplace
2.0,Count,1,,1.5,2016,E92000001,30,all,full-time,paid-hours-worked-overtime,workplace
,Count,1,x,x,2016,E06000004,80,female,all,paid-hours-worked-overtime,workplace
673.2,GBP,1,,0.2,2016,K04000001,75,all,all,weekly-pay-gross,workplace
390.8,GBP,1,,1.8,2016,E92000001,90,female,part-time,basic-pay-including-other-pay,workplace
,Count,1,x,x,2016,E06000005,10,all,full-time,paid-hours-worked-overtime,workplace
622.3,GBP,1,,4.8,2016,E06000004,mean,male,full-time,weekly-pay-gross,workplace
670.8,GBP,1,,0.1,2016,K02000001,70,all,full-time,basic-pay-including-other-pay,workplace
9.5,Count,1,,11.0,2016,E12000001,80,male,full-time,paid-hours-worked-overtime,workplace
,GBP,1,x,42.0,2016,E06000002,60,male,full-time,overtime-pay,workplace
,Count,1,x,40.0,2016,E06000001,mean,female,part-time,paid-hours-worked-overtime,workplace
,GBP,1,x,23.0,2016,E06000001,25,female,part-time,weekly-pay-gross,workplace
,Count,1,x,30.0,2016,E06000003,mean,all,full-time,paid-hours-worked-overtime,workplace
12.4,Count,1,,5.5,2016,K02000001,90,all,part-time,paid-hours-worked-overtime,workplace
278.0,GBP,1,,0.3,2016,E92000001,25,all,all,weekly-pay-gross,workplace
,Count,1,x,x,2016,E06000005,20,all,full-time,paid-hours-worked-overtime,workplace
215.8,GBP,1,,12.0,2016,E06000002,60,female,part-time,basic-pay-including-other-pay,workplace
,GBP,1,x,x,2016,E06000004,90,male,full-time,weekly-pay-gross,workplace
,GBP,1,x,22.0,2016,E06000001,80,all,full-time,basic-pay-including-other-pay,workplace
,Count,1,x,36.0,2016,E06000002,median,male,full-time,paid-hours-worked-overtime,workplace
7.32,GBP,1,,0.1,2016,K03000001,10,all,all,hourly-pay-gross,workplace
,Count,1,x,x,2016,E06000001,60,female,part-time,paid-hours-worked-overtime,workplace
186.9,GBP,1,,9.1,2016,E06000003,mean,female,part-time,weekly-pay-gross,workplace
,Count,1,x,25.0,2016,E12000001,80,all,part-time,paid-hours-worked-overtime,workplace
3.7,Count,1,,13.0,2016,E12000001,60,all,part-time,paid-hours-worked-overtime,workplace
433.4,GBP,1,,5.8,2016,E06000005,median,all,all,weekly-pay-gross,workplace
154.2,GBP,1,,13.0,2016,E06000003,median,female,part-time,basic-pay-including-other-pay,workplace
,Count,1,x,x,2016,E06000001,80,all,full-time,paid-hours-worked-overtime,workplace
264.3,GBP,1,,12.0,2016,E12000001,75,male,part-time,weekly-pay-gross,workplace
275.0,GBP,1,,0.9,2016,K04000001,80,all,part-time,basic-pay-including-other-pay,workplace
3.4,Count,1,,5.2,2016,K02000001,40,male,part-time,paid-hours-worked-overtime,workplace
18.43,GBP,1,,0.2,2016,K03000001,75,all,all,hourly-pay-gross,workplace
328.0,GBP,1,,0.3,2016,E92000001,20,male,all,weekly-pay-gross,workplace
,Count,1,x,x,2016,E06000002,20,all,part-time,paid-hours-worked-overtime,workplace
143.9,GBP,1,,11.0,2016,E06000003,40,female,part-time,weekly-pay-gross,workplace
,Count,1,x,x,2016,E06000001,80,all,part-time,paid-hours-worked-overtime,workplace
220.4,GBP,1,,1.1,2016,E92000001,10,male,all,weekly-pay-gross,workplace
,Count,1,x,24.0,2016,E06000004,60,all,full-time,paid-hours-worked-overtime,workplace
,GBP,1,x,21.0,2016,E06000004,75,female,part-time,basic-pay-including-other-pay,workplace
,GBP,1,x,x,2016,E06000005,20,male,part-time,weekly-pay-gross,workplace
,GBP,1,x,x,2016,E06000003,10,all,part-time,basic-pay-including-other-pay,workplace
4.6,Count,1,,4.8,2016,K03000001,median,male,part-time,paid-hours-worked-overtime,workplace
7.49,GBP,1,,3.2,2016,E06000002,10,male,all,hourly-pay-gross,workplace
,GBP,1,x,x,2016,E06000002,75,all,part-time,overtime-pay,workplace
331.0,GBP,1,,0.3,2016,E92000001,10,male,full-time,weekly-pay-gross,workplace
14.04,GBP,1,,3.1,2016,E06000002,mean,all,all,hourly-pay-excluding-overtime,workplace
3.1,Count,1,,1.9,2016,E92000001,40,male,all,paid-hours-worked-overtime,workplace
215.4,GBP,1,,0.4,2016,K03000001,mean,female,part-time,weekly-pay-gross,workplace
210.8,GBP,1,,0.7,2016,K03000001,10,male,all,basic-pay-including-other-pay,workplace
862.4,GBP,1,,0.4,2016,E92000001,80,male,full-time,basic-pay-including-other-pay,workplace
1.5,Count,1,,14.0,2016,E12000001,25,female,full-time,paid-hours-worked-overtime,workplace
15.19,GBP,1,,0.4,2016,E92000001,70,female,all,hourly-pay-gross,workplace
38.9,Count,1,,0.1,2016,E92000001,75,all,all,paid-hours-worked-basic,workplace
419.9,GBP,1,,0.2,2016,K03000001,30,all,full-time,weekly-pay-gross,workplace
621.0,GBP,1,,0.3,2016,E92000001,mean,male,all,weekly-pay-excluding-overtime,workplace
0.8,Count,1,,5.0,2016,K02000001,10,male,full-time,paid-hours-worked-overtime,workplace
,Count,1,x,x,2016,E12000001,90,male,part-time,paid-hours-worked-overtime,workplace
349.8,GBP,1,,8.6,2016,E06000005,median,female,all,weekly-pay-gross,workplace
12.3,Count,1,,5.8,2016,K04000001,90,all,part-time,paid-hours-worked-overtime,workplace
128.1,GBP,1,,1.9,2016,K04000001,75,male,all,overtime-pay,workplace
,GBP,1,x,x,2016,E06000003,80,female,full-time,weekly-pay-gross,workplace
44.4,GBP,1,,2.1,2016,K02000001,10,male,part-time,basic-pay-including-other-pay,workplace
1.8,Count,1,,11.0,2016,E12000001,30,female,full-time,paid-hours-worked-overtime,workplace
15.02,GBP,1,,2.9,2016,E12000001,75,female,all,hourly-pay-gross,workplace
34.3,Count,1,,2.6,2016,E06000002,mean,male,all,paid-hours-worked-basic,workplace
652.4,GBP,1,,0.2,2016,E92000001,mean,all,full-time,weekly-pay-gross,workplace
568.7,GBP,1,,10.0,2016,E06000002,70,male,all,weekly-pay-excluding-overtime,workplace
14.0,Count,1,,3.4,2016,K03000001,90,male,full-time,paid-hours-worked-overtime,workplace
,Count,1,x,x,2016,E06000004,75,male,part-time,paid-hours-worked-overtime,workplace
416.9,GBP,1,,11.0,2016,E06000005,60,female,all,weekly-pay-gross,workplace
,Count,1,x,x,2016,E06000004,90,all,part-time,paid-hours-worked-overtime,workplace
31.1,GBP,1,,2.1,2016,E92000001,30,male,all,overtime-pay,workplace
119.2,GBP,1,,13.0,2016,E06000002,10,all,all,weekly-pay-excluding-overtime,workplace
19.0,GBP,1,,1.4,2016,K02000001,25,all,all,overtime-pay,workplace
,Count,1,x,33.0,2016,E06000005,mean,female,full-time,paid-hours-worked-overtime,workplace
8.37,GBP,1,,2.4,2016,E06000004,30,female,all,hourly-pay-gross,workplace
37.0,Count,1,,0.0,2016,K04000001,70,female,all,paid-hours-worked-basic,workplace
260.2,GBP,1,,0.7,2016,K02000001,75,all,part-time,weekly-pay-gross,workplace
537.8,GBP,1,,0.2,2016,K02000001,75,female,all,weekly-pay-excluding-overtime,workplace
,Count,1,x,38.0,2016,E06000005,30,male,full-time,paid-hours-worked-overtime,workplace
,Count,1,x,x,2016,E06000005,20,female,full-time,paid-hours-worked-overtime,workplace
292.0,GBP,1,,1.0,2016,E92000001,80,all,part-time,weekly-pay-gross,workplace
1.8,Count,1,,1.6,2016,K02000001,25,male,full-time,paid-hours-worked-overtime,workplace
,GBP,1,x,77.0,2016,E06000003,60,male,all,overtime-pay,workplace
211.9,GBP,1,,0.6,2016,K02000001,10,male,all,weekly-pay-excluding-overtime,workplace
88.9,GBP,1,,1.5,2016,K02000001,70,all,all,overtime-pay,workplace
2.7,Count,1,,2.6,2016,K04000001,median,female,part-time,paid-hours-worked-overtime,workplace
7.92,GBP,1,,0.1,2016,K04000001,10,all,full-time,hourly-pay-gross,workplace
18.5,Count,1,,2.4,2016,E12000001,20,female,all,paid-hours-worked-basic,workplace
217.1,GBP,1,,0.5,2016,K04000001,mean,all,part-time,weekly-pay-gross,workplace
275.8,GBP,1,,1.7,2016,E12000001,40,female,all,weekly-pay-excluding-overtime,workplace
4.7,Count,1,,4.7,2016,K02000001,median,male,part-time,paid-hours-worked-overtime,workplace
,Count,1,x,x,2016,E06000001,10,female,full-time,paid-hours-worked-overtime,workplace
659.0,GBP,1,,0.3,2016,K02000001,60,male,full-time,weekly-pay-gross,workplace
8.3,Count,1,,5.9,2016,K02000001,70,male,part-time,paid-hours-worked-overtime,workplace
16.3,GBP,1,,1.1,2016,K02000001,mean,all,full-time,overtime-pay,workplace
,GBP,1,x,x,2016,E06000003,90,female,all,weekly-pay-excluding-overtime,workplace
185.1,GBP,1,,19.0,2016,E12000001,90,all,all,overtime-pay,workplace
0.5,Count,1,,9.7,2016,E12000001,mean,female,part-time,paid-hours-worked-overtime,workplace
7.93,GBP,1,,0.2,2016,E92000001,10,all,full-time,hourly-pay-gross,workplace
22.3,Count,1,,6.9,2016,E06000002,25,female,all,paid-hours-worked-basic,workplace
110.1,GBP,1,,0.8,2016,E92000001,25,all,part-time,weekly-pay-gross,workplace
154.9,GBP,1,,15.0,2016,E06000001,25,female,all,weekly-pay-excluding-overtime,workplace
,Count,1,x,x,2016,E06000005,20,male,part-time,paid-hours-worked-overtime,workplace
,Count,1,x,x,2016,E06000004,80,female,full-time,paid-hours-worked-overtime,workplace
544.8,GBP,1,,7.6,2016,E06000001,median,male,full-time,weekly-pay-gross,workplace
,Count,1,x,x,2016,E06000002,75,male,part-time,paid-hours-worked-overtime,workplace
8.7,GBP,1,,2.5,2016,K02000001,10,all,full-time,overtime-pay,workplace
404.1,GBP,1,,0.2,2016,K03000001,30,all,full-time,weekly-pay-excluding-overtime,workplace
,GBP,1,x,x,2016,E06000005,10,all,all,overtime-pay,workplace
518.3,GBP,1,,0.2,2016,K04000001,60,all,all,weekly-pay-gross,workplace
7.85,GBP,1,,2.9,2016,E06000004,10,all,full-time,hourly-pay-gross,workplace
16.0,Count,1,,0.1,2016,E92000001,40,all,part-time,paid-hours-worked-basic,workplace
260.6,GBP,1,,0.8,2016,E92000001,75,all,part-time,weekly-pay-gross,workplace
1043.1,GBP,1,,0.6,2016,K03000001,90,all,full-time,weekly-pay-excluding-overtime,workplace
,Count,1,x,x,2016,E06000002,10,male,part-time,paid-hours-worked-overtime,workplace
5.7,Count,1,,5.0,2016,E92000001,75,female,part-time,paid-hours-worked-overtime,workplace
75.0,GBP,1,,10.0,2016,E12000001,20,male,part-time,weekly-pay-gross,workplace
2.0,Count,1,,3.0,2016,K02000001,40,female,full-time,paid-hours-worked-overtime,workplace
,GBP,1,x,35.0,2016,E06000001,30,all,full-time,overtime-pay,workplace
739.7,GBP,1,,0.3,2016,K03000001,75,all,full-time,weekly-pay-excluding-overtime,workplace
,GBP,1,x,32.0,2016,E06000002,25,all,all,overtime-pay,workplace
326.9,GBP,1,,0.3,2016,K04000001,20,male,all,weekly-pay-gross,workplace
11.64,GBP,1,,1.3,2016,E12000001,40,male,full-time,hourly-pay-gross,workplace
,Count,1,x,x,2016,E06000002,90,all,part-time,paid-hours-worked-basic,workplace
,GBP,1,x,33.0,2016,E06000003,75,all,part-time,weekly-pay-excluding-overtime,workplace
145.9,GBP,1,,9.6,2016,E06000003,40,all,part-time,weekly-pay-gross,workplace
,Count,1,x,38.0,2016,E06000002,40,female,full-time,paid-hours-worked-overtime,workplace
,Count,1,x,x,2016,E06000003,80,female,part-time,paid-hours-worked-overtime,workplace
2.1,Count,1,,16.0,2016,E06000004,mean,male,full-time,paid-hours-worked-overtime,workplace
,GBP,1,x,x,2016,E06000005,30,male,part-time,weekly-pay-gross,workplace
222.9,GBP,1,,1.6,2016,E92000001,70,male,part-time,weekly-pay-gross,workplace
209.1,GBP,1,,14.0,2016,E06000004,70,female,part-time,basic-pay-including-other-pay,workplace
35.8,Count,1,,3.2,2016,E06000003,30,female,full-time,paid-hours-worked-basic,workplace
713.1,GBP,1,,9.1,2016,E06000002,80,all,full-time,weekly-pay-excluding-overtime,workplace
,GBP,1,x,x,2016,E12000001,90,female,part-time,overtime-pay,workplace
189.7,GBP,1,,9.7,2016,E06000005,mean,female,part-time,weekly-pay-excluding-overtime,workplace
628.9,GBP,1,,9.3,2016,E06000004,75,female,full-time,weekly-pay-gross,workplace
,GBP,1,x,x,2016,E06000003,25,female,full-time,overtime-pay,workplace
428.0,GBP,1,,6.2,2016,E06000005,40,male,all,weekly-pay-excluding-overtime,workplace
8.47,GBP,1,,4.2,2016,E06000004,median,all,part-time,hourly-pay-excluding-overtime,workplace
143.1,GBP,1,,15.0,2016,E06000001,20,female,all,weekly-pay-excluding-overtime,workplace
6.1,Count,1,,5.4,2016,K03000001,60,male,part-time,paid-hours-worked-overtime,workplace
,GBP,1,x,x,2016,E06000001,median,male,part-time,weekly-pay-gross,workplace
125.1,GBP,1,,1.9,2016,K02000001,80,all,all,overtime-pay,workplace
563.7,GBP,1,,0.3,2016,K04000001,mean,female,full-time,weekly-pay-gross,workplace
313.3,GBP,1,,4.1,2016,E06000003,20,all,full-time,weekly-pay-excluding-overtime,workplace
,GBP,1,x,x,2016,E06000001,20,male,part-time,weekly-pay-gross,workplace
5.6,Count,1,,4.3,2016,K03000001,75,female,full-time,paid-hours-worked-overtime,workplace
4.5,GBP,1,,4.0,2016,K02000001,10,all,part-time,overtime-pay,workplace
404.4,GBP,1,,0.2,2016,K04000001,30,all,full-time,weekly-pay-excluding-overtime,workplace
,GBP,1,x,26.0,2016,E06000004,30,all,all,overtime-pay,workplace
676.1,GBP,1,,15.0,2016,E06000001,75,male,all,weekly-pay-gross,workplace
11.28,GBP,1,,1.4,2016,K02000001,70,male,part-time,hourly-pay-gross,workplace
24.0,Count,1,,0.1,2016,K03000001,75,male,part-time,paid-hours-worked-basic,workplace
450.5,GBP,1,,0.3,2016,K04000001,30,male,full-time,weekly-pay-gross,workplace
224.9,GBP,1,,14.0,2016,E06000004,75,all,part-time,weekly-pay-excluding-overtime,workplace
,Count,1,x,x,2016,E06000003,median,female,full-time,paid-hours-worked-overtime,workplace
,Count,1,x,89.0,2016,E06000004,40,female,part-time,paid-hours-worked-overtime,workplace
,GBP,1,x,x,2016,E06000003,75,male,part-time,weekly-pay-gross,workplace
,Count,1,x,x,2016,E06000005,70,female,part-time,paid-hours-worked-overtime,workplace
9.1,GBP,1,,3.4,2016,K04000001,20,all,part-time,overtime-pay,workplace
525.2,GBP,1,,0.2,2016,E92000001,median,all,full-time,weekly-pay-excluding-overtime,workplace
20.0,GBP,1,,1.9,2016,K03000001,20,male,all,overtime-pay,workplace
641.1,GBP,1,,7.4,2016,E06000004,70,male,all,weekly-pay-gross,workplace
9.27,GBP,1,,0.3,2016,K02000001,25,female,full-time,hourly-pay-gross,workplace
37.0,Count,1,,0.2,2016,K02000001,median,female,full-time,paid-hours-worked-basic,workplace
627.4,GBP,1,,8.6,2016,E06000004,70,male,full-time,weekly-pay-excluding-overtime,workplace
903.2,GBP,1,,0.5,2016,K04000001,80,male,full-time,weekly-pay-gross,workplace
3.7,Count,1,,3.8,2016,K03000001,60,female,part-time,paid-hours-worked-overtime,workplace
309.5,GBP,1,,0.2,2016,K04000001,30,all,all,weekly-pay-gross,workplace
27.6,Count,1,,0.4,2016,K03000001,25,all,all,paid-hours-worked-basic,workplace
734.0,GBP,1,,0.6,2016,K03000001,80,female,full-time,weekly-pay-gross,workplace
617.2,GBP,1,,6.6,2016,E06000004,75,all,all,weekly-pay-gross,workplace
21.2,GBP,1,,2.0,2016,K03000001,20,male,full-time,overtime-pay,workplace
273.0,GBP,1,,5.3,2016,E06000003,10,all,full-time,weekly-pay-excluding-overtime,workplace
6.8,GBP,1,,1.8,2016,E92000001,mean,female,all,overtime-pay,workplace
,GBP,1,x,x,2016,E06000004,90,male,all,weekly-pay-gross,workplace
15.02,GBP,1,,0.3,2016,E92000001,mean,female,full-time,hourly-pay-gross,workplace
37.5,Count,1,,0.9,2016,E12000001,75,female,full-time,paid-hours-worked-basic,workplace
590.9,GBP,1,,1.9,2016,E12000001,60,male,full-time,weekly-pay-gross,workplace
94.7,GBP,1,,1.7,2016,K04000001,25,male,part-time,weekly-pay-excluding-overtime,workplace
,Count,1,x,58.0,2016,E06000004,median,female,part-time,paid-hours-worked-overtime,workplace
117.4,GBP,1,,18.0,2016,E06000001,10,all,all,weekly-pay-gross,workplace
35.0,Count,1,,0.7,2016,E12000001,40,all,all,paid-hours-worked-basic,workplace
378.3,GBP,1,,0.2,2016,K04000001,30,female,full-time,weekly-pay-gross,workplace
292.8,GBP,1,,10.0,2016,E06000005,10,male,all,weekly-pay-gross,workplace
85.5,GBP,1,,1.8,2016,K03000001,60,male,full-time,overtime-pay,workplace
586.8,GBP,1,,11.0,2016,E06000003,70,all,full-time,weekly-pay-excluding-overtime,workplace
,GBP,1,x,x,2016,E06000005,20,female,all,overtime-pay,workplace
351.1,GBP,1,,7.3,2016,E06000001,mean,female,all,weekly-pay-gross,workplace
25.12,GBP,1,,1.1,2016,E92000001,90,female,full-time,hourly-pay-gross,workplace
34.1,Count,1,,4.2,2016,E06000003,25,female,full-time,paid-hours-worked-basic,workplace
623.0,GBP,1,,0.4,2016,K03000001,70,female,full-time,weekly-pay-excluding-overtime,workplace
609.0,GBP,1,,6.8,2016,E06000001,mean,male,full-time,weekly-pay-gross,workplace
966.7,GBP,1,,0.5,2016,E92000001,90,all,all,weekly-pay-gross,workplace
296.0,GBP,1,,0.3,2016,E92000001,40,female,all,weekly-pay-gross,workplace
40.0,Count,1,,1.0,2016,E12000001,90,all,all,paid-hours-worked-basic,workplace
391.5,GBP,1,,1.8,2016,E12000001,40,female,full-time,weekly-pay-gross,workplace
110.4,GBP,1,,0.8,2016,K02000001,10,female,all,weekly-pay-gross,workplace
131.2,GBP,1,,2.0,2016,K03000001,75,male,full-time,overtime-pay,workplace
373.4,GBP,1,,4.2,2016,E06000004,30,all,full-time,weekly-pay-excluding-overtime,workplace
,GBP,1,x,x,2016,E06000001,10,all,full-time,overtime-pay,workplace
,GBP,1,x,x,2016,E06000001,90,female,all,weekly-pay-gross,workplace
,GBP,1,x,x,2016,E06000004,90,female,full-time,hourly-pay-gross,workplace
22.5,Count,1,,0.5,2016,K04000001,70,female,part-time,paid-hours-worked-basic,workplace
280.8,GBP,1,,1.9,2016,K04000001,80,male,part-time,weekly-pay-gross,workplace
670.8,GBP,1,,10.0,2016,E06000004,80,female,full-time,weekly-pay-excluding-overtime,workplace
384.9,GBP,1,,5.2,2016,E06000002,median,all,all,weekly-pay-gross,workplace
344.4,GBP,1,,6.6,2016,E06000002,median,female,all,weekly-pay-gross,workplace
37.5,Count,1,,0.3,2016,E06000004,60,all,all,paid-hours-worked-basic,workplace
300.7,GBP,1,,4.6,2016,E06000003,30,female,full-time,weekly-pay-gross,workplace
379.3,GBP,1,,2.2,2016,E12000001,60,female,all,weekly-pay-gross,workplace
64.5,GBP,1,,1.7,2016,E92000001,median,male,full-time,overtime-pay,workplace
89.1,GBP,1,,0.7,2016,K03000001,20,all,part-time,weekly-pay-excluding-overtime,workplace
63.8,GBP,1,,19.0,2016,E06000004,median,all,full-time,overtime-pay,workplace
194.0,GBP,1,,9.1,2016,E06000004,25,female,all,weekly-pay-gross,workplace
8.26,GBP,1,,0.1,2016,K03000001,40,female,part-time,hourly-pay-gross,workplace
,Count,1,x,44.0,2016,E06000001,median,all,all,paid-hours-worked-overtime,workplace
180.0,GBP,1,,9.4,2016,E06000003,mean,female,part-time,weekly-pay-excluding-overtime,workplace
,GBP,1,x,x,2016,E06000005,75,male,part-time,weekly-pay-gross,workplace
359.3,GBP,1,,0.2,2016,K02000001,25,male,all,weekly-pay-gross,workplace
115.6,GBP,1,,13.0,2016,E06000003,10,female,all,weekly-pay-gross,workplace
37.5,Count,1,,0.0,2016,K03000001,median,male,all,paid-hours-worked-basic,workplace
449.5,GBP,1,,8.2,2016,E06000004,median,female,full-time,weekly-pay-gross,workplace
,GBP,1,x,22.0,2016,E06000001,10,female,all,weekly-pay-gross,workplace
27.3,GBP,1,,6.1,2016,E12000001,mean,male,full-time,overtime-pay,workplace
88.0,GBP,1,,0.9,2016,E92000001,20,all,part-time,weekly-pay-excluding-overtime,workplace
9.2,GBP,1,,3.3,2016,K03000001,20,all,part-time,overtime-pay,workplace
561.0,GBP,1,,5.1,2016,E06000001,mean,all,full-time,weekly-pay-gross,workplace
10.42,GBP,1,,14.0,2016,E06000005,60,female,part-time,hourly-pay-gross,workplace
,Count,1,x,x,2016,E06000004,90,all,all,paid-hours-worked-overtime,workplace
379.2,GBP,1,,0.3,2016,E92000001,30,female,full-time,weekly-pay-gross,workplace
133.5,GBP,1,,0.6,2016,K04000001,10,all,all,basic-pay-including-other-pay,workplace
623.0,GBP,1,,15.0,2016,E06000003,70,male,all,weekly-pay-gross,workplace
643.9,GBP,1,,0.2,2016,K02000001,mean,all,full-time,weekly-pay-gross,workplace
11.7,Count,1,,1.0,2016,K02000001,10,female,all,paid-hours-worked-basic,workplace
255.9,GBP,1,,4.1,2016,E12000001,75,female,part-time,weekly-pay-gross,workplace
145.6,GBP,1,,15.0,2016,E06000001,20,female,all,weekly-pay-gross,workplace
,GBP,1,x,36.0,2016,E06000005,60,male,full-time,overtime-pay,workplace
270.1,GBP,1,,13.0,2016,E06000002,75,all,part-time,weekly-pay-excluding-overtime,workplace
38.9,GBP,1,,3.3,2016,K04000001,60,all,part-time,overtime-pay,workplace
152.9,GBP,1,,0.4,2016,K03000001,40,all,part-time,weekly-pay-gross,workplace
8.14,GBP,1,,0.1,2016,K02000001,20,all,all,hourly-pay-excluding-overtime,workplace
7.4,Count,1,,1.7,2016,K03000001,70,male,all,paid-hours-worked-overtime,workplace
325.8,GBP,1,,4.3,2016,E06000004,40,all,all,basic-pay-including-other-pay,workplace
57.5,GBP,1,,1.0,2016,K02000001,10,female,part-time,weekly-pay-gross,workplace
419.4,GBP,1,,0.4,2016,E92000001,60,female,all,weekly-pay-gross,workplace
762.4,GBP,1,,0.3,2016,K02000001,75,all,full-time,weekly-pay-gross,workplace
37.5,Count,1,,0.0,2016,E92000001,80,female,all,paid-hours-worked-basic,workplace
105.3,GBP,1,,11.0,2016,E06000004,20,female,part-time,weekly-pay-gross,workplace
152.4,GBP,1,,0.5,2016,E92000001,40,all,part-time,weekly-pay-gross,workplace
6.2,GBP,1,,8.6,2016,K02000001,10,male,part-time,overtime-pay,workplace
188.9,GBP,1,,5.8,2016,E06000004,mean,all,part-time,weekly-pay-excluding-overtime,workplace
297.7,GBP,1,,15.0,2016,E06000001,median,female,all,weekly-pay-gross,workplace
494.0,GBP,1,,1.3,2016,E12000001,median,all,full-time,weekly-pay-gross,workplace
37.5,Count,1,,0.1,2016,K04000001,60,all,full-time,paid-hours-worked-basic,workplace
194.7,GBP,1,,9.7,2016,E06000004,60,female,part-time,weekly-pay-gross,workplace
,GBP,1,x,x,2016,E06000003,10,all,part-time,weekly-pay-gross,workplace
166.0,GBP,1,,13.0,2016,K03000001,90,male,part-time,overtime-pay,workplace
321.1,GBP,1,,0.2,2016,E92000001,10,male,full-time,weekly-pay-excluding-overtime,workplace
26.8,GBP,1,,1.9,2016,K03000001,25,male,full-time,overtime-pay,workplace
911.3,GBP,1,,0.5,2016,E92000001,80,male,full-time,weekly-pay-gross,workplace
18.33,GBP,1,,0.3,2016,K02000001,70,male,all,hourly-pay-excluding-overtime,workplace
5.0,Count,1,,0.8,2016,K02000001,60,all,full-time,paid-hours-worked-overtime,workplace
208.9,GBP,1,,0.5,2016,K04000001,60,female,part-time,weekly-pay-gross,workplace
210.8,GBP,1,,0.8,2016,E92000001,10,male,all,basic-pay-including-other-pay,workplace
406.3,GBP,1,,1.4,2016,K03000001,90,all,part-time,weekly-pay-gross,workplace
527.1,GBP,1,,8.8,2016,E06000003,60,all,full-time,weekly-pay-gross,workplace
17.6,Count,1,,0.2,2016,K02000001,mean,all,part-time,paid-hours-worked-basic,workplace
,GBP,1,x,x,2016,E06000003,90,all,all,weekly-pay-excluding-overtime,workplace
,GBP,1,x,33.0,2016,E12000001,20,male,part-time,overtime-pay,workplace
708.5,GBP,1,,0.3,2016,E92000001,mean,male,full-time,weekly-pay-gross,workplace
298.6,GBP,1,,3.4,2016,E06000004,10,male,full-time,weekly-pay-excluding-overtime,workplace
109.5,GBP,1,,8.3,2016,K04000001,80,male,part-time,overtime-pay,workplace
,GBP,1,x,x,2016,E06000001,60,male,part-time,weekly-pay-gross,workplace
7.5,GBP,1,,0.1,2016,K03000001,10,male,all,hourly-pay-excluding-overtime,workplace
,Count,1,x,32.0,2016,E06000005,25,all,full-time,paid-hours-worked-overtime,workplace
264.5,GBP,1,,0.9,2016,K04000001,75,female,part-time,weekly-pay-gross,workplace
329.5,GBP,1,,5.0,2016,E06000003,25,all,full-time,basic-pay-including-other-pay,workplace
54.0,GBP,1,,1.1,2016,E92000001,10,all,part-time,weekly-pay-gross,workplace
,GBP,1,x,x,2016,E06000003,90,all,full-time,weekly-pay-gross,workplace
13.2,Count,1,,1.0,2016,K02000001,30,all,part-time,paid-hours-worked-basic,workplace
,GBP,1,x,28.0,2016,E06000005,10,female,all,weekly-pay-excluding-overtime,workplace
,GBP,1,x,x,2016,E06000002,90,male,part-time,overtime-pay,workplace
685.2,GBP,1,,12.0,2016,E06000005,75,male,full-time,weekly-pay-gross,workplace
94.5,GBP,1,,1.7,2016,E92000001,25,male,part-time,weekly-pay-excluding-overtime,workplace
167.6,GBP,1,,14.0,2016,K04000001,90,male,part-time,overtime-pay,workplace
330.9,GBP,1,,6.8,2016,E06000005,25,female,full-time,weekly-pay-gross,workplace
13.95,GBP,1,,6.6,2016,E06000004,60,male,all,hourly-pay-excluding-overtime,workplace
,Count,1,x,26.0,2016,E06000004,30,all,full-time,paid-hours-worked-overtime,workplace
,GBP,1,x,49.0,2016,E06000005,20,female,part-time,weekly-pay-gross,workplace
284.8,GBP,1,,4.6,2016,E12000001,80,all,part-time,weekly-pay-gross,workplace
,GBP,1,x,x,2016,E06000003,90,all,part-time,basic-pay-including-other-pay,workplace
390.9,GBP,1,,0.3,2016,K03000001,20,male,full-time,weekly-pay-gross,workplace
9.2,Count,1,,0.9,2016,E92000001,20,all,part-time,paid-hours-worked-basic,workplace
479.5,GBP,1,,14.0,2016,E06000005,70,female,all,weekly-pay-excluding-overtime,workplace
,GBP,1,x,x,2016,E06000003,10,male,part-time,overtime-pay,workplace
299.1,GBP,1,,15.0,2016,E12000001,80,male,part-time,weekly-pay-gross,workplace
89.5,GBP,1,,10.0,2016,E12000001,25,male,part-time,weekly-pay-excluding-overtime,workplace
,GBP,1,x,x,2016,E12000001,90,male,part-time,overtime-pay,workplace
,GBP,1,x,x,2016,E06000005,10,female,part-time,weekly-pay-gross,workplace
11.29,GBP,1,,7.4,2016,E06000005,median,female,all,hourly-pay-excluding-overtime,workplace
361.6,GBP,1,,0.2,2016,K04000001,40,all,all,weekly-pay-excluding-overtime,workplace
1.6,Count,1,,1.9,2016,K02000001,30,all,part-time,paid-hours-worked-overtime,workplace
107.8,GBP,1,,13.0,2016,E06000002,25,all,part-time,weekly-pay-gross,workplace
570.0,GBP,1,,4.6,2016,E06000004,mean,male,full-time,basic-pay-including-other-pay,workplace
670.8,GBP,1,,2.3,2016,E12000001,70,male,full-time,weekly-pay-gross,workplace
39.0,Count,1,,0.0,2016,K03000001,60,male,full-time,paid-hours-worked-basic,workplace
380.0,GBP,1,,18.0,2016,E06000003,70,female,all,weekly-pay-excluding-overtime,workplace
54.8,GBP,1,,14.0,2016,E12000001,60,female,full-time,overtime-pay,workplace
162.5,GBP,1,,19.0,2016,E06000003,median,male,part-time,weekly-pay-gross,workplace
287.6,GBP,1,,0.1,2016,E92000001,10,female,full-time,weekly-pay-excluding-overtime,workplace
,GBP,1,x,x,2016,E06000002,median,male,part-time,overtime-pay,workplace
119.8,GBP,1,,11.0,2016,E06000004,30,female,part-time,weekly-pay-gross,workplace
16.56,GBP,1,,0.2,2016,K04000001,mean,all,full-time,hourly-pay-excluding-overtime,workplace
461.8,GBP,1,,5.6,2016,E06000004,60,all,all,weekly-pay-excluding-overtime,workplace
3.0,Count,1,,3.3,2016,E92000001,median,all,part-time,paid-hours-worked-overtime,workplace
520.7,GBP,1,,9.2,2016,E06000003,median,male,full-time,weekly-pay-gross,workplace
44.3,GBP,1,,2.2,2016,K04000001,10,male,part-time,basic-pay-including-other-pay,workplace
767.0,GBP,1,,12.0,2016,E06000004,80,male,full-time,weekly-pay-gross,workplace
40.0,Count,1,,20.0,2016,E06000002,80,male,full-time,paid-hours-worked-basic,workplace
519.8,GBP,1,,0.2,2016,K02000001,median,all,full-time,weekly-pay-excluding-overtime,workplace
,GBP,1,x,x,2016,E06000001,60,female,full-time,overtime-pay,workplace
,GBP,1,x,x,2016,E06000003,80,male,part-time,weekly-pay-gross,workplace
421.7,GBP,1,,0.3,2016,E92000001,40,female,full-time,weekly-pay-excluding-overtime,workplace
,GBP,1,x,x,2016,E06000004,90,male,part-time,overtime-pay,workplace
295.7,GBP,1,,5.7,2016,E06000005,25,all,all,weekly-pay-excluding-overtime,workplace
15.01,GBP,1,,1.1,2016,K04000001,80,all,part-time,hourly-pay-excluding-overtime,workplace
,GBP,1,x,x,2016,E06000005,90,male,all,weekly-pay-excluding-overtime,workplace
,Count,1,x,x,2016,E06000002,10,all,part-time,paid-hours-worked-overtime,workplace
401.6,GBP,1,,8.4,2016,E06000003,25,male,full-time,weekly-pay-gross,workplace
392.9,GBP,1,,12.0,2016,E06000001,40,female,full-time,basic-pay-including-other-pay,workplace
221.9,GBP,1,,1.3,2016,K04000001,mean,male,part-time,weekly-pay-gross,workplace
,Count,1,x,x,2016,E06000005,median,male,part-time,paid-hours-worked-basic,workplace
460.0,GBP,1,,0.1,2016,K03000001,40,all,full-time,weekly-pay-excluding-overtime,workplace
,GBP,1,x,27.0,2016,E06000002,mean,female,full-time,overtime-pay,workplace
191.9,GBP,1,,20.0,2016,E06000004,median,male,part-time,weekly-pay-gross,workplace
,GBP,1,x,x,2016,E06000003,90,female,full-time,weekly-pay-excluding-overtime,workplace
48.5,GBP,1,,2.9,2016,K02000001,60,female,full-time,overtime-pay,workplace
507.3,GBP,1,,9.5,2016,E06000002,70,all,all,weekly-pay-excluding-overtime,workplace
15.1,GBP,1,,1.1,2016,E92000001,80,all,part-time,hourly-pay-excluding-overtime,workplace
195.1,GBP,1,,2.6,2016,E12000001,25,female,all,weekly-pay-excluding-overtime,workplace
,Count,1,x,x,2016,E06000004,75,all,part-time,paid-hours-worked-overtime,workplace
47.1,GBP,1,,2.6,2016,E92000001,10,male,part-time,weekly-pay-gross,workplace
166.8,GBP,1,,15.0,2016,E06000003,60,female,part-time,basic-pay-including-other-pay,workplace
147.4,GBP,1,,1.0,2016,K04000001,40,male,part-time,weekly-pay-gross,workplace
,Count,1,x,x,2016,E06000004,70,male,part-time,paid-hours-worked-basic,workplace
,GBP,1,x,x,2016,E06000001,90,all,full-time,weekly-pay-excluding-overtime,workplace
,GBP,1,x,42.0,2016,E06000002,40,female,full-time,overtime-pay,workplace
279.1,GBP,1,,3.5,2016,E06000002,10,female,full-time,weekly-pay-gross,workplace
268.4,GBP,1,,5.5,2016,E06000004,10,female,full-time,weekly-pay-excluding-overtime,workplace
8.3,GBP,1,,20.0,2016,E12000001,10,female,full-time,overtime-pay,workplace
379.1,GBP,1,,0.3,2016,K04000001,30,male,all,weekly-pay-excluding-overtime,workplace
,GBP,1,x,x,2016,E06000003,75,all,part-time,hourly-pay-excluding-overtime,workplace
222.1,GBP,1,,11.0,2016,E06000005,25,female,all,weekly-pay-excluding-overtime,workplace
17.48,GBP,1,,0.3,2016,K04000001,mean,male,full-time,hourly-pay-gross,workplace
521.3,GBP,1,,0.2,2016,K03000001,median,all,full-time,weekly-pay-excluding-overtime,workplace
766.6,GBP,1,,0.2,2016,K03000001,90,female,all,basic-pay-including-other-pay,workplace
12.81,GBP,1,,0.3,2016,E92000001,60,female,all,hourly-pay-gross,workplace
632.4,GBP,1,,0.3,2016,K04000001,60,male,full-time,weekly-pay-excluding-overtime,workplace
40670.0,GBP,1,,0.4,2016,K02000001,90,female,all,annual-pay-gross,workplace
,GBP,1,x,28.0,2016,E06000004,30,male,part-time,weekly-pay-excluding-overtime,workplace
719.0,GBP,1,,0.2,2016,K03000001,80,all,all,weekly-pay-excluding-overtime,workplace
710.0,GBP,1,,0.3,2016,K04000001,70,all,full-time,weekly-pay-gross,workplace
292.8,GBP,1,,12.0,2016,E06000005,10,male,all,weekly-pay-excluding-overtime,workplace
210.9,GBP,1,,3.6,2016,K04000001,90,all,full-time,overtime-pay,workplace
,Count,1,x,29.0,2016,E06000004,20,male,all,paid-hours-worked-overtime,workplace
,GBP,1,x,x,2016,E06000003,80,female,full-time,weekly-pay-excluding-overtime,workplace
16.92,GBP,1,,8.4,2016,E06000004,70,male,full-time,hourly-pay-gross,workplace
1057.2,GBP,1,,0.7,2016,E92000001,90,all,full-time,weekly-pay-excluding-overtime,workplace
239.5,GBP,1,,7.6,2016,E06000002,30,female,all,basic-pay-including-other-pay,workplace
13.5,GBP,1,,8.0,2016,E06000001,60,all,full-time,hourly-pay-gross,workplace
10429.0,GBP,1,,0.7,2016,K03000001,25,female,all,annual-pay-gross,workplace
,GBP,1,x,x,2016,E06000001,median,male,part-time,annual-pay-gross,workplace
,GBP,1,x,30.0,2016,E06000001,70,female,part-time,weekly-pay-excluding-overtime,workplace
15.0,Count,1,,0.1,2016,K04000001,10,all,all,paid-hours-worked-basic,workplace
304.4,GBP,1,,0.2,2016,E92000001,10,all,full-time,weekly-pay-excluding-overtime,workplace
